id,order_id,product_id,quantity,price
1,1,20,1,600
2,1,8,2,1800
3,1,10,2,1549
4,1,16,2,600
5,1,4,1,2900
1,2,20,1,600
2,2,16,2,600
1,3,3,1,1000
2,3,20,1,600
1,4,2,2,750
1,5,10,2,1549
2,5,17,1,429
3,5,26,1,600
1,6,18,1,449
2,6,12,2,550
3,6,20,1,600
4,6,3,2,1000
5,6,9,2,3000
1,7,15,1,530
2,7,3,1,1000
3,7,17,2,429
1,8,22,1,270
2,8,20,2,600
1,9,7,2,4000
1,10,14,1,270
1,11,8,1,1800
2,11,22,2,270
3,11,16,2,600
1,12,4,2,2900
2,12,11,1,1681
1,13,13,1,270
2,13,17,2,429
3,13,20,2,600
4,13,16,2,600
1,14,6,1,470
1,15,12,2,550
2,15,8,1,1800
3,15,18,2,449
4,15,23,2,300
1,16,8,1,1800
2,16,21,1,270
3,16,13,2,270
4,16,14,1,270
1,17,8,1,1800
2,17,23,1,300
3,17,5,1,1321
4,17,20,2,600
1,18,2,2,750
2,18,22,1,270
3,18,7,1,4000
4,18,25,2,500
5,18,9,2,3000
1,19,10,1,1549
2,19,9,2,3000
1,20,9,1,3000
2,20,10,2,1549
1,21,14,1,270
2,21,17,1,429
3,21,10,1,1549
1,22,15,2,530
2,22,22,1,270
1,23,4,2,2900
2,23,23,2,300
3,23,13,1,270
1,24,3,2,1000
2,24,18,2,449
1,25,23,2,300
2,25,10,2,1549
3,25,22,1,270
4,25,14,1,270
5,25,21,1,270
1,26,7,1,4000
2,26,2,1,750
3,26,12,1,550
4,26,21,2,270
1,27,5,1,1321
2,27,19,1,449
3,27,26,2,600
4,27,8,1,1800
1,28,5,1,1321
2,28,7,2,4000
3,28,14,2,270
4,28,6,1,470
1,29,24,2,550
2,29,6,1,470
3,29,21,2,270
4,29,8,1,1800
5,29,14,2,270
1,30,26,1,600
2,30,17,1,429
3,30,19,1,449
4,30,4,1,2900
5,30,7,2,4000
1,31,11,2,1681
2,31,9,2,3000
1,32,8,2,1800
2,32,12,2,550
3,32,25,2,500
1,33,23,2,300
2,33,7,1,4000
1,34,8,2,1800
2,34,10,2,1549
3,34,17,2,429
1,35,18,1,449
2,35,20,2,600
3,35,5,1,1321
4,35,21,2,270
5,35,22,1,270
1,36,9,1,3000
2,36,5,1,1321
3,36,3,2,1000
1,37,16,2,600
1,38,7,2,4000
2,38,23,1,300
3,38,25,1,500
4,38,10,2,1549
5,38,24,1,550
1,39,22,2,270
2,39,16,2,600
3,39,3,2,1000
4,39,15,1,530
1,40,17,1,429
2,40,8,2,1800
1,41,5,1,1321
2,41,19,2,449
3,41,26,2,600
1,42,19,1,449
1,43,13,2,270
2,43,12,2,550
1,44,7,1,4000
2,44,16,1,600
1,45,4,2,2900
2,45,22,1,270
3,45,21,2,270
1,46,17,1,429
1,47,6,1,470
2,47,15,1,530
3,47,25,2,500
4,47,13,1,270
1,48,11,1,1681
2,48,4,1,2900
3,48,5,2,1321
4,48,14,2,270
1,49,13,2,270
1,50,3,1,1000
2,50,26,2,600
3,50,13,2,270
1,51,13,1,270
2,51,20,1,600
3,51,26,2,600
1,52,25,1,500
1,53,8,2,1800
2,53,23,2,300
3,53,14,2,270
4,53,25,2,500
1,54,26,2,600
2,54,3,1,1000
1,55,21,1,270
2,55,25,2,500
3,55,15,2,530
1,56,20,2,600
1,57,23,2,300
2,57,19,2,449
3,57,13,1,270
1,58,14,2,270
2,58,18,1,449
3,58,23,1,300
1,59,21,1,270
2,59,2,1,750
3,59,17,2,429
1,60,14,2,270
2,60,4,1,2900
3,60,15,1,530
4,60,22,1,270
1,61,25,1,500
2,61,15,2,530
3,61,5,2,1321
1,62,14,1,270
2,62,8,2,1800
3,62,22,2,270
1,63,25,2,500
2,63,19,2,449
3,63,3,1,1000
1,64,25,2,500
2,64,22,2,270
3,64,23,2,300
4,64,24,2,550
1,65,12,1,550
1,66,2,1,750
2,66,23,1,300
3,66,12,1,550
1,67,23,2,300
2,67,12,2,550
3,67,21,1,270
4,67,5,2,1321
5,67,19,1,449
1,68,13,2,270
2,68,17,1,429
1,69,22,2,270
2,69,5,1,1321
3,69,10,1,1549
1,70,3,2,1000
2,70,18,1,449
3,70,20,1,600
1,71,26,2,600
2,71,24,1,550
3,71,18,1,449
1,72,17,2,429
2,72,12,1,550
3,72,13,2,270
1,73,22,1,270
2,73,26,2,600
3,73,3,2,1000
4,73,25,1,500
5,73,23,2,300
1,74,16,2,600
2,74,6,1,470
1,75,3,1,1000
2,75,7,2,4000
3,75,15,1,530
1,76,12,1,550
2,76,11,2,1681
3,76,5,1,1321
1,77,20,1,600
2,77,24,2,550
3,77,26,1,600
4,77,25,1,500
1,78,17,1,429
2,78,19,1,449
3,78,18,2,449
4,78,14,2,270
1,79,9,2,3000
2,79,17,2,429
3,79,6,1,470
4,79,25,2,500
1,80,26,1,600
2,80,24,1,550
3,80,17,1,429
1,81,10,2,1549
2,81,23,2,300
3,81,25,2,500
1,82,25,2,500
2,82,11,2,1681
1,83,20,1,600
2,83,3,2,1000
1,84,23,2,300
2,84,15,2,530
1,85,4,2,2900
2,85,18,1,449
1,86,9,2,3000
2,86,23,2,300
3,86,21,2,270
4,86,15,1,530
1,87,20,2,600
2,87,23,2,300
1,88,10,1,1549
2,88,8,2,1800
3,88,7,1,4000
1,89,5,1,1321
2,89,6,2,470
1,90,3,1,1000
2,90,6,1,470
1,91,11,1,1681
2,91,25,1,500
3,91,15,2,530
4,91,13,2,270
1,92,8,1,1800
1,93,22,2,270
2,93,17,1,429
3,93,21,1,270
4,93,2,1,750
5,93,10,2,1549
1,94,12,1,550
2,94,4,1,2900
3,94,11,1,1681
4,94,21,2,270
1,95,10,2,1549
2,95,19,1,449
3,95,8,2,1800
4,95,20,2,600
1,96,26,1,600
2,96,23,1,300
1,97,20,2,600
2,97,2,1,750
3,97,6,2,470
4,97,19,1,449
1,98,19,1,449
2,98,21,1,270
3,98,2,1,750
4,98,22,2,270
1,99,13,1,270
2,99,21,1,270
3,99,25,2,500
4,99,7,2,4000
5,99,23,2,300
1,100,12,2,550
2,100,11,2,1681
3,100,7,2,4000
4,100,16,2,600
5,100,24,2,550
1,101,12,2,550
1,102,15,1,530
2,102,22,1,270
1,103,17,1,429
2,103,3,1,1000
3,103,18,1,449
4,103,15,2,530
5,103,9,2,3000
1,104,19,2,449
2,104,26,1,600
1,105,11,2,1681
2,105,3,1,1000
3,105,9,1,3000
1,106,17,1,429
2,106,13,2,270
1,107,19,1,449
2,107,13,2,270
1,108,11,1,1681
2,108,22,2,270
3,108,16,2,600
1,109,22,2,270
2,109,6,1,470
1,110,14,1,270
1,111,14,1,270
2,111,12,2,550
1,112,23,2,300
2,112,25,2,500
3,112,24,2,550
4,112,5,1,1321
1,113,12,2,550
2,113,24,2,550
3,113,6,1,470
4,113,23,1,300
5,113,5,2,1321
1,114,12,1,550
2,114,2,1,750
3,114,13,2,270
1,115,22,1,270
2,115,19,1,449
1,116,26,1,600
1,117,22,2,270
2,117,26,1,600
3,117,14,1,270
4,117,19,1,449
1,118,18,1,449
2,118,4,1,2900
3,118,6,1,470
4,118,3,2,1000
5,118,23,2,300
1,119,25,1,500
1,120,13,2,270
2,120,6,2,470
3,120,10,2,1549
4,120,17,1,429
5,120,16,2,600
1,121,5,1,1321
2,121,14,2,270
3,121,4,2,2900
4,121,24,2,550
5,121,2,2,750
1,122,16,1,600
1,123,12,2,550
1,124,16,1,600
2,124,4,1,2900
3,124,7,2,4000
1,125,17,1,429
1,126,9,2,3000
1,127,17,1,429
2,127,20,1,600
3,127,4,2,2900
1,128,24,2,550
2,128,16,2,600
3,128,4,2,2900
4,128,3,2,1000
1,129,18,1,449
2,129,9,1,3000
1,130,26,1,600
2,130,5,2,1321
1,131,22,2,270
2,131,4,2,2900
3,131,24,2,550
1,132,2,2,750
2,132,20,1,600
3,132,9,1,3000
1,133,13,2,270
2,133,22,1,270
1,134,19,2,449
2,134,2,2,750
3,134,18,2,449
1,135,5,2,1321
2,135,18,2,449
3,135,25,1,500
4,135,2,1,750
1,136,7,2,4000
2,136,3,2,1000
1,137,23,1,300
2,137,22,1,270
1,138,16,2,600
2,138,6,1,470
1,139,19,2,449
2,139,3,1,1000
1,140,15,1,530
2,140,21,1,270
3,140,12,2,550
4,140,3,1,1000
1,141,18,1,449
1,142,16,2,600
2,142,11,2,1681
3,142,19,1,449
1,143,6,1,470
1,144,8,2,1800
1,145,11,1,1681
2,145,9,2,3000
1,146,3,2,1000
2,146,12,1,550
3,146,20,2,600
4,146,6,2,470
5,146,2,1,750
1,147,26,2,600
1,148,14,1,270
1,149,12,2,550
2,149,21,2,270
1,150,7,1,4000
2,150,3,1,1000
3,150,17,1,429
4,150,25,2,500
1,151,17,1,429
2,151,26,1,600
1,152,6,2,470
2,152,22,2,270
3,152,16,2,600
1,153,16,1,600
2,153,8,1,1800
3,153,15,2,530
1,154,12,1,550
1,155,8,1,1800
1,156,18,2,449
2,156,17,2,429
3,156,6,1,470
1,157,4,1,2900
2,157,7,2,4000
1,158,24,1,550
1,159,13,1,270
1,160,21,1,270
2,160,15,2,530
3,160,18,2,449
4,160,11,1,1681
1,161,24,2,550
2,161,22,1,270
3,161,7,2,4000
1,162,18,1,449
2,162,21,2,270
3,162,3,2,1000
1,163,12,1,550
2,163,18,1,449
1,164,4,2,2900
2,164,10,2,1549
3,164,14,1,270
1,165,4,2,2900
2,165,23,1,300
3,165,2,1,750
1,166,10,2,1549
2,166,11,1,1681
1,167,12,1,550
2,167,10,1,1549
3,167,13,2,270
4,167,7,2,4000
1,168,6,1,470
2,168,11,2,1681
3,168,12,2,550
4,168,22,2,270
1,169,20,2,600
2,169,5,1,1321
3,169,10,1,1549
4,169,11,1,1681
5,169,14,2,270
1,170,12,2,550
2,170,24,1,550
3,170,7,1,4000
4,170,18,2,449
1,171,8,1,1800
1,172,23,1,300
2,172,16,1,600
1,173,14,1,270
2,173,16,1,600
3,173,20,2,600
1,174,22,2,270
2,174,19,2,449
1,175,5,1,1321
2,175,2,2,750
3,175,21,2,270
4,175,19,1,449
1,176,2,2,750
2,176,11,2,1681
3,176,16,2,600
1,177,20,2,600
1,178,10,2,1549
2,178,12,1,550
3,178,3,1,1000
4,178,18,1,449
1,179,13,2,270
2,179,26,1,600
3,179,18,1,449
4,179,12,2,550
5,179,20,2,600
1,180,16,1,600
1,181,10,1,1549
2,181,11,1,1681
3,181,15,2,530
4,181,24,2,550
1,182,25,2,500
2,182,24,2,550
1,183,11,2,1681
2,183,12,2,550
3,183,19,1,449
4,183,17,1,429
1,184,4,1,2900
2,184,5,1,1321
3,184,14,1,270
1,185,20,1,600
2,185,8,1,1800
1,186,4,1,2900
2,186,6,1,470
1,187,5,1,1321
1,188,7,2,4000
1,189,16,2,600
1,190,24,1,550
2,190,15,1,530
3,190,3,2,1000
1,191,25,1,500
2,191,12,2,550
3,191,3,1,1000
4,191,8,2,1800
5,191,23,1,300
1,192,8,2,1800
2,192,25,1,500
3,192,2,1,750
4,192,24,2,550
5,192,10,2,1549
1,193,12,2,550
1,194,21,2,270
1,195,18,1,449
2,195,14,1,270
3,195,5,2,1321
4,195,4,2,2900
5,195,21,2,270
1,196,6,1,470
2,196,3,2,1000
3,196,10,2,1549
4,196,12,1,550
5,196,20,1,600
1,197,4,2,2900
2,197,2,2,750
1,198,6,2,470
2,198,20,2,600
3,198,8,2,1800
4,198,13,2,270
5,198,17,1,429
1,199,25,2,500
2,199,18,2,449
3,199,4,1,2900
1,200,23,2,300
2,200,22,2,270
1,201,24,1,550
2,201,7,1,4000
3,201,14,2,270
4,201,17,1,429
1,202,8,1,1800
2,202,17,1,429
3,202,15,2,530
4,202,25,2,500
1,203,26,1,600
2,203,3,2,1000
3,203,17,2,429
4,203,19,2,449
1,204,6,2,470
2,204,17,2,429
1,205,22,2,270
2,205,24,2,550
1,206,25,1,500
2,206,20,1,600
1,207,12,2,550
2,207,5,1,1321
3,207,11,2,1681
4,207,7,2,4000
1,208,6,2,470
2,208,4,2,2900
3,208,3,1,1000
4,208,12,1,550
5,208,10,2,1549
1,209,13,1,270
1,210,14,1,270
2,210,13,2,270
1,211,10,1,1549
2,211,2,2,750
1,212,16,2,600
2,212,12,2,550
3,212,19,1,449
4,212,7,1,4000
1,213,13,1,270
1,214,21,1,270
1,215,19,1,449
2,215,12,2,550
1,216,22,2,270
2,216,16,2,600
1,217,18,1,449
2,217,10,2,1549
3,217,17,1,429
1,218,2,2,750
2,218,13,1,270
3,218,12,1,550
1,219,26,1,600
2,219,5,1,1321
1,220,6,2,470
2,220,25,1,500
3,220,22,2,270
4,220,3,2,1000
1,221,11,2,1681
1,222,10,1,1549
2,222,2,2,750
1,223,7,2,4000
2,223,5,1,1321
3,223,21,2,270
4,223,20,1,600
5,223,15,1,530
1,224,6,1,470
2,224,11,2,1681
3,224,10,2,1549
4,224,25,1,500
1,225,21,1,270
2,225,9,1,3000
1,226,2,1,750
1,227,3,2,1000
2,227,15,2,530
1,228,25,1,500
2,228,2,2,750
3,228,23,2,300
4,228,4,1,2900
5,228,22,1,270
1,229,25,2,500
2,229,5,2,1321
3,229,8,1,1800
1,230,11,2,1681
1,231,8,2,1800
2,231,14,2,270
3,231,5,2,1321
1,232,18,1,449
2,232,11,2,1681
3,232,26,2,600
4,232,8,2,1800
1,233,14,1,270
2,233,16,2,600
3,233,12,1,550
4,233,15,2,530
1,234,11,2,1681
2,234,17,2,429
3,234,12,1,550
4,234,7,1,4000
5,234,23,1,300
1,235,6,1,470
2,235,13,2,270
3,235,7,2,4000
1,236,3,2,1000
2,236,2,2,750
3,236,4,2,2900
1,237,15,1,530
2,237,24,1,550
3,237,20,2,600
4,237,26,1,600
1,238,20,2,600
2,238,25,1,500
3,238,13,2,270
4,238,22,2,270
5,238,7,1,4000
1,239,16,2,600
2,239,21,2,270
3,239,18,1,449
4,239,4,2,2900
1,240,9,1,3000
2,240,8,1,1800
3,240,5,1,1321
4,240,18,2,449
1,241,7,1,4000
1,242,3,1,1000
1,243,25,2,500
2,243,19,2,449
3,243,7,2,4000
1,244,19,1,449
2,244,25,1,500
3,244,22,1,270
1,245,10,2,1549
2,245,8,1,1800
1,246,17,2,429
1,247,25,1,500
2,247,3,1,1000
1,248,13,1,270
2,248,26,2,600
3,248,17,1,429
4,248,9,1,3000
1,249,7,2,4000
2,249,18,2,449
3,249,22,1,270
1,250,17,2,429
2,250,11,2,1681
1,251,23,2,300
2,251,22,2,270
1,252,11,2,1681
2,252,4,1,2900
3,252,19,1,449
1,253,11,2,1681
1,254,6,2,470
2,254,3,1,1000
3,254,12,1,550
1,255,5,2,1321
2,255,14,1,270
3,255,2,2,750
4,255,21,1,270
1,256,11,1,1681
2,256,21,1,270
1,257,8,2,1800
2,257,13,2,270
3,257,10,2,1549
4,257,15,1,530
1,258,8,2,1800
2,258,4,1,2900
3,258,19,1,449
4,258,18,1,449
1,259,26,1,600
2,259,6,2,470
3,259,2,2,750
4,259,4,1,2900
1,260,23,2,300
2,260,10,1,1549
3,260,24,2,550
1,261,16,2,600
2,261,14,1,270
3,261,17,2,429
1,262,2,1,750
2,262,9,2,3000
1,263,9,1,3000
2,263,3,1,1000
3,263,2,2,750
1,264,10,1,1549
2,264,24,2,550
3,264,15,2,530
4,264,3,2,1000
1,265,9,2,3000
1,266,6,2,470
2,266,19,1,449
3,266,25,1,500
1,267,22,2,270
2,267,23,2,300
3,267,24,1,550
4,267,7,2,4000
5,267,21,1,270
1,268,7,1,4000
2,268,6,2,470
3,268,9,1,3000
1,269,5,1,1321
2,269,23,2,300
3,269,18,1,449
4,269,3,1,1000
1,270,25,2,500
2,270,15,1,530
1,271,11,2,1681
2,271,6,2,470
3,271,13,1,270
4,271,7,2,4000
1,272,2,2,750
2,272,11,1,1681
1,273,21,1,270
1,274,11,2,1681
2,274,25,2,500
3,274,9,2,3000
1,275,18,1,449
2,275,25,1,500
3,275,7,2,4000
1,276,3,2,1000
2,276,17,1,429
3,276,9,2,3000
1,277,20,2,600
2,277,6,2,470
3,277,13,2,270
1,278,16,1,600
2,278,19,2,449
3,278,13,1,270
4,278,11,2,1681
1,279,25,1,500
1,280,25,1,500
2,280,26,2,600
3,280,13,1,270
1,281,22,1,270
2,281,14,2,270
3,281,7,2,4000
1,282,20,1,600
2,282,7,2,4000
3,282,3,2,1000
4,282,16,2,600
1,283,9,1,3000
2,283,16,2,600
1,284,24,2,550
2,284,20,1,600
1,285,16,2,600
2,285,12,1,550
3,285,2,1,750
1,286,26,2,600
2,286,21,2,270
3,286,16,2,600
4,286,7,1,4000
1,287,5,1,1321
2,287,10,1,1549
3,287,2,1,750
4,287,20,1,600
1,288,4,1,2900
2,288,10,1,1549
3,288,7,2,4000
1,289,13,1,270
2,289,24,1,550
3,289,17,1,429
1,290,2,2,750
2,290,5,2,1321
3,290,21,1,270
1,291,6,2,470
2,291,21,2,270
1,292,18,2,449
2,292,4,1,2900
3,292,10,2,1549
1,293,19,2,449
2,293,6,1,470
1,294,18,1,449
2,294,14,1,270
3,294,7,2,4000
4,294,25,2,500
1,295,22,2,270
1,296,25,2,500
2,296,12,2,550
3,296,11,2,1681
4,296,9,1,3000
1,297,4,2,2900
1,298,23,1,300
2,298,6,2,470
3,298,22,1,270
4,298,9,1,3000
5,298,14,2,270
1,299,11,2,1681
2,299,10,2,1549
1,300,16,2,600
2,300,9,2,3000
3,300,10,1,1549
4,300,11,2,1681
1,301,6,1,470
2,301,22,1,270
1,302,24,2,550
2,302,18,2,449
3,302,2,2,750
1,303,8,2,1800
2,303,24,2,550
1,304,10,1,1549
2,304,7,2,4000
3,304,20,1,600
1,305,10,1,1549
2,305,6,1,470
3,305,3,2,1000
1,306,10,1,1549
2,306,22,1,270
1,307,15,2,530
1,308,7,1,4000
2,308,18,2,449
3,308,14,1,270
1,309,3,1,1000
2,309,12,1,550
1,310,7,2,4000
2,310,14,2,270
3,310,5,2,1321
4,310,8,1,1800
1,311,17,2,429
2,311,5,2,1321
1,312,24,2,550
2,312,14,2,270
3,312,16,2,600
1,313,4,1,2900
2,313,10,2,1549
1,314,5,1,1321
2,314,9,1,3000
3,314,22,2,270
4,314,7,2,4000
1,315,11,1,1681
2,315,9,1,3000
1,316,2,2,750
2,316,16,2,600
3,316,20,1,600
4,316,19,1,449
5,316,17,1,429
1,317,10,1,1549
2,317,22,1,270
3,317,15,1,530
4,317,13,2,270
1,318,13,2,270
2,318,25,2,500
3,318,9,1,3000
1,319,11,1,1681
2,319,21,1,270
3,319,15,2,530
4,319,23,1,300
1,320,2,1,750
1,321,4,2,2900
2,321,12,2,550
3,321,26,1,600
4,321,23,2,300
1,322,13,2,270
2,322,21,1,270
1,323,13,2,270
2,323,26,2,600
1,324,2,2,750
2,324,17,1,429
3,324,22,2,270
4,324,19,1,449
5,324,12,1,550
1,325,7,1,4000
2,325,12,1,550
3,325,6,2,470
1,326,12,1,550
2,326,23,1,300
1,327,12,2,550
2,327,13,1,270
3,327,4,1,2900
1,328,6,2,470
1,329,14,2,270
2,329,8,2,1800
3,329,23,1,300
4,329,17,1,429
5,329,26,2,600
1,330,21,2,270
1,331,17,2,429
1,332,18,2,449
1,333,18,2,449
2,333,8,2,1800
3,333,3,1,1000
1,334,16,2,600
2,334,9,1,3000
3,334,3,2,1000
1,335,6,1,470
2,335,2,2,750
3,335,21,1,270
1,336,4,1,2900
2,336,12,1,550
1,337,18,1,449
2,337,4,1,2900
1,338,6,2,470
2,338,10,1,1549
3,338,22,1,270
4,338,11,2,1681
5,338,9,1,3000
1,339,13,1,270
2,339,15,2,530
1,340,11,1,1681
2,340,24,1,550
3,340,13,2,270
4,340,12,2,550
5,340,10,2,1549
1,341,23,2,300
1,342,26,1,600
2,342,9,1,3000
3,342,16,2,600
1,343,20,2,600
2,343,25,1,500
3,343,5,2,1321
4,343,10,1,1549
1,344,22,1,270
2,344,18,2,449
3,344,14,1,270
1,345,18,2,449
2,345,24,2,550
1,346,13,1,270
2,346,23,1,300
3,346,21,1,270
4,346,15,1,530
5,346,18,2,449
1,347,23,1,300
1,348,5,2,1321
2,348,15,2,530
1,349,20,2,600
1,350,6,2,470
2,350,20,1,600
3,350,3,1,1000
1,351,4,2,2900
2,351,24,2,550
3,351,20,1,600
4,351,22,2,270
1,352,11,1,1681
2,352,14,1,270
1,353,2,2,750
1,354,21,1,270
2,354,19,1,449
1,355,16,1,600
2,355,14,2,270
1,356,23,2,300
2,356,4,1,2900
3,356,13,1,270
1,357,17,2,429
2,357,21,2,270
3,357,24,1,550
4,357,9,1,3000
1,358,21,2,270
2,358,6,2,470
3,358,8,2,1800
4,358,18,2,449
1,359,15,2,530
2,359,9,2,3000
3,359,7,2,4000
1,360,26,1,600
2,360,7,2,4000
3,360,13,2,270
4,360,25,1,500
1,361,24,2,550
2,361,6,2,470
3,361,11,1,1681
1,362,2,1,750
1,363,21,2,270
2,363,14,1,270
3,363,15,1,530
4,363,20,1,600
1,364,25,2,500
1,365,24,2,550
1,366,21,1,270
2,366,4,1,2900
3,366,16,2,600
1,367,26,2,600
2,367,14,1,270
3,367,10,2,1549
1,368,5,1,1321
2,368,10,2,1549
3,368,21,2,270
4,368,19,1,449
1,369,10,2,1549
1,370,25,2,500
2,370,4,2,2900
1,371,14,1,270
2,371,12,1,550
1,372,11,1,1681
2,372,14,2,270
3,372,5,1,1321
1,373,8,2,1800
2,373,22,1,270
3,373,19,2,449
4,373,12,1,550
5,373,13,1,270
1,374,10,1,1549
2,374,7,1,4000
1,375,21,2,270
2,375,2,2,750
3,375,4,2,2900
4,375,12,2,550
1,376,2,2,750
2,376,23,2,300
1,377,8,1,1800
2,377,14,1,270
1,378,26,2,600
1,379,9,1,3000
2,379,16,1,600
1,380,16,1,600
2,380,11,2,1681
1,381,21,2,270
1,382,8,1,1800
2,382,9,1,3000
3,382,13,1,270
1,383,19,1,449
2,383,22,2,270
3,383,13,1,270
4,383,21,2,270
5,383,14,1,270
1,384,20,1,600
2,384,21,2,270
3,384,8,1,1800
4,384,15,1,530
5,384,4,1,2900
1,385,21,1,270
2,385,7,2,4000
3,385,26,2,600
1,386,8,1,1800
2,386,3,2,1000
3,386,16,2,600
1,387,18,1,449
1,388,19,2,449
2,388,13,2,270
3,388,2,1,750
4,388,11,1,1681
1,389,2,1,750
2,389,15,2,530
3,389,10,2,1549
4,389,5,1,1321
5,389,9,1,3000
1,390,23,1,300
2,390,7,2,4000
3,390,9,1,3000
1,391,8,1,1800
2,391,5,2,1321
3,391,24,2,550
1,392,14,2,270
2,392,3,2,1000
1,393,6,2,470
1,394,23,1,300
2,394,16,1,600
3,394,14,2,270
1,395,14,1,270
1,396,12,1,550
2,396,25,2,500
3,396,5,1,1321
1,397,7,1,4000
1,398,8,2,1800
2,398,18,2,449
3,398,25,1,500
4,398,17,1,429
1,399,25,1,500
2,399,11,2,1681
3,399,14,1,270
1,400,24,2,550
2,400,9,1,3000
3,400,3,2,1000
1,401,23,1,300
2,401,10,2,1549
1,402,6,2,470
2,402,5,1,1321
3,402,26,1,600
1,403,12,2,550
2,403,7,2,4000
3,403,22,2,270
4,403,24,1,550
1,404,9,1,3000
2,404,25,2,500
3,404,16,2,600
1,405,3,2,1000
2,405,10,2,1549
3,405,14,2,270
1,406,4,1,2900
1,407,20,1,600
2,407,5,1,1321
1,408,18,1,449
2,408,3,1,1000
3,408,2,2,750
4,408,17,2,429
1,409,15,1,530
2,409,16,2,600
3,409,21,1,270
1,410,25,1,500
2,410,9,2,3000
3,410,24,2,550
1,411,2,1,750
2,411,26,2,600
1,412,7,1,4000
2,412,24,1,550
3,412,17,1,429
1,413,8,2,1800
2,413,25,1,500
3,413,9,1,3000
1,414,4,2,2900
1,415,3,1,1000
2,415,23,2,300
3,415,5,1,1321
4,415,6,2,470
1,416,22,1,270
2,416,14,1,270
3,416,24,1,550
1,417,26,2,600
2,417,6,2,470
1,418,12,1,550
2,418,20,1,600
1,419,9,1,3000
1,420,17,2,429
2,420,15,2,530
3,420,3,2,1000
1,421,6,2,470
2,421,3,2,1000
3,421,20,2,600
4,421,4,1,2900
5,421,23,2,300
1,422,20,2,600
1,423,8,2,1800
2,423,17,1,429
3,423,23,2,300
4,423,2,1,750
1,424,22,1,270
2,424,6,1,470
1,425,6,1,470
2,425,21,2,270
3,425,19,1,449
1,426,10,1,1549
2,426,23,2,300
1,427,12,2,550
2,427,15,2,530
3,427,26,2,600
1,428,5,2,1321
2,428,14,1,270
1,429,11,1,1681
2,429,4,2,2900
3,429,5,2,1321
4,429,6,1,470
5,429,2,1,750
1,430,22,2,270
2,430,11,1,1681
3,430,4,2,2900
4,430,13,2,270
5,430,8,1,1800
1,431,14,2,270
2,431,6,1,470
3,431,18,1,449
4,431,13,2,270
5,431,19,1,449
1,432,10,2,1549
2,432,7,2,4000
1,433,6,1,470
2,433,10,1,1549
3,433,24,1,550
4,433,4,1,2900
1,434,21,1,270
2,434,20,1,600
3,434,9,1,3000
4,434,11,2,1681
5,434,18,2,449
1,435,22,1,270
2,435,9,1,3000
3,435,18,1,449
1,436,3,1,1000
2,436,23,1,300
1,437,3,1,1000
2,437,10,1,1549
3,437,8,2,1800
1,438,4,1,2900
2,438,22,1,270
3,438,8,2,1800
4,438,13,2,270
1,439,6,2,470
2,439,7,2,4000
1,440,19,2,449
2,440,4,2,2900
1,441,12,1,550
2,441,15,1,530
1,442,16,2,600
2,442,26,2,600
3,442,6,2,470
1,443,5,1,1321
2,443,26,1,600
1,444,22,1,270
2,444,15,2,530
3,444,20,2,600
4,444,16,1,600
5,444,10,2,1549
1,445,7,1,4000
2,445,16,1,600
3,445,23,1,300
1,446,22,1,270
2,446,16,2,600
1,447,4,2,2900
2,447,3,1,1000
3,447,8,1,1800
1,448,13,2,270
2,448,6,2,470
1,449,17,2,429
2,449,2,1,750
3,449,7,2,4000
4,449,26,2,600
1,450,24,1,550
2,450,12,1,550
3,450,5,1,1321
1,451,14,2,270
1,452,11,1,1681
2,452,16,1,600
3,452,7,2,4000
4,452,8,1,1800
1,453,23,1,300
2,453,20,2,600
3,453,4,1,2900
1,454,25,2,500
2,454,13,2,270
3,454,24,2,550
1,455,9,1,3000
1,456,17,2,429
2,456,23,1,300
1,457,24,2,550
2,457,2,1,750
3,457,7,2,4000
4,457,17,1,429
1,458,2,1,750
2,458,21,2,270
3,458,11,1,1681
4,458,24,1,550
5,458,3,2,1000
1,459,11,1,1681
1,460,19,1,449
2,460,18,2,449
3,460,4,1,2900
4,460,22,2,270
1,461,16,1,600
2,461,4,1,2900
3,461,8,2,1800
4,461,24,1,550
5,461,18,2,449
1,462,12,2,550
1,463,13,2,270
1,464,7,1,4000
1,465,6,2,470
2,465,25,2,500
1,466,19,2,449
2,466,6,1,470
3,466,7,2,4000
4,466,15,1,530
5,466,5,1,1321
1,467,19,1,449
2,467,10,1,1549
3,467,22,2,270
4,467,17,2,429
5,467,11,1,1681
1,468,19,1,449
2,468,9,2,3000
3,468,10,2,1549
4,468,25,1,500
1,469,8,2,1800
2,469,4,1,2900
3,469,15,2,530
1,470,18,1,449
2,470,13,1,270
3,470,8,2,1800
1,471,14,1,270
2,471,13,2,270
1,472,15,1,530
2,472,21,2,270
1,473,26,1,600
1,474,19,2,449
2,474,11,1,1681
1,475,17,2,429
2,475,26,2,600
3,475,25,1,500
1,476,22,2,270
2,476,4,2,2900
3,476,11,2,1681
4,476,20,2,600
1,477,6,1,470
2,477,10,1,1549
1,478,21,2,270
1,479,26,1,600
2,479,12,1,550
3,479,21,1,270
4,479,7,1,4000
5,479,10,1,1549
1,480,4,1,2900
2,480,15,1,530
3,480,23,2,300
1,481,13,2,270
2,481,16,2,600
3,481,9,2,3000
1,482,13,1,270
2,482,14,1,270
1,483,17,1,429
1,484,8,2,1800
2,484,24,1,550
3,484,9,2,3000
4,484,6,1,470
1,485,13,1,270
2,485,26,2,600
1,486,9,1,3000
2,486,23,2,300
1,487,6,1,470
1,488,13,2,270
2,488,23,2,300
3,488,22,1,270
1,489,8,2,1800
1,490,12,1,550
2,490,23,1,300
3,490,14,1,270
4,490,13,2,270
1,491,9,2,3000
2,491,21,2,270
3,491,15,2,530
1,492,6,1,470
2,492,22,2,270
3,492,26,1,600
1,493,15,1,530
2,493,18,2,449
3,493,26,1,600
1,494,23,1,300
1,495,22,1,270
2,495,9,1,3000
1,496,23,1,300
2,496,13,1,270
3,496,21,2,270
1,497,25,2,500
1,498,24,1,550
2,498,21,1,270
3,498,10,1,1549
1,499,11,1,1681
2,499,15,1,530
3,499,14,2,270
4,499,20,2,600
1,500,12,2,550
2,500,14,1,270
1,501,19,2,449
2,501,8,1,1800
3,501,14,1,270
4,501,23,2,300
1,502,13,1,270
1,503,13,2,270
2,503,10,1,1549
1,504,24,2,550
2,504,2,2,750
1,505,26,1,600
1,506,25,1,500
2,506,7,1,4000
1,507,11,2,1681
2,507,13,2,270
3,507,20,2,600
1,508,8,1,1800
2,508,2,2,750
3,508,10,2,1549
4,508,25,1,500
1,509,23,2,300
2,509,4,2,2900
1,510,17,1,429
1,511,22,2,270
2,511,13,1,270
1,512,21,1,270
1,513,7,1,4000
2,513,13,1,270
3,513,23,1,300
1,514,18,2,449
2,514,17,2,429
1,515,8,1,1800
2,515,5,1,1321
3,515,25,2,500
4,515,6,2,470
1,516,7,1,4000
2,516,5,2,1321
1,517,21,2,270
1,518,16,2,600
2,518,5,2,1321
3,518,25,2,500
4,518,15,2,530
5,518,11,2,1681
1,519,6,1,470
2,519,16,1,600
3,519,23,2,300
4,519,18,2,449
5,519,7,1,4000
1,520,26,1,600
2,520,24,1,550
3,520,10,1,1549
1,521,5,1,1321
2,521,14,1,270
1,522,4,2,2900
2,522,22,2,270
3,522,21,1,270
1,523,12,1,550
2,523,20,1,600
3,523,5,2,1321
4,523,16,2,600
1,524,11,1,1681
2,524,2,1,750
3,524,9,1,3000
4,524,3,2,1000
5,524,26,1,600
1,525,9,2,3000
2,525,6,2,470
3,525,10,1,1549
1,526,3,2,1000
2,526,8,1,1800
3,526,21,1,270
4,526,15,1,530
1,527,18,2,449
2,527,4,1,2900
3,527,19,1,449
4,527,9,2,3000
1,528,21,2,270
1,529,12,2,550
1,530,2,2,750
2,530,4,1,2900
3,530,6,2,470
1,531,6,1,470
2,531,12,2,550
3,531,25,1,500
1,532,17,2,429
2,532,16,2,600
3,532,12,1,550
1,533,4,1,2900
2,533,12,2,550
3,533,10,1,1549
4,533,25,1,500
1,534,21,2,270
2,534,9,2,3000
3,534,2,1,750
4,534,24,2,550
1,535,24,1,550
2,535,15,1,530
3,535,22,2,270
1,536,22,1,270
2,536,2,1,750
3,536,12,2,550
4,536,14,1,270
1,537,10,1,1549
2,537,26,1,600
3,537,17,2,429
4,537,25,2,500
1,538,2,2,750
1,539,9,2,3000
2,539,23,1,300
3,539,21,2,270
1,540,19,1,449
2,540,26,2,600
3,540,23,2,300
1,541,22,2,270
1,542,16,2,600
2,542,9,1,3000
3,542,20,1,600
4,542,19,2,449
1,543,25,1,500
2,543,18,1,449
3,543,26,2,600
1,544,12,1,550
2,544,17,1,429
3,544,21,1,270
1,545,25,2,500
2,545,6,1,470
3,545,24,1,550
4,545,20,2,600
1,546,17,2,429
2,546,8,1,1800
3,546,18,2,449
1,547,11,2,1681
2,547,9,1,3000
3,547,5,1,1321
1,548,8,1,1800
2,548,11,2,1681
1,549,15,1,530
2,549,16,1,600
3,549,3,1,1000
4,549,7,1,4000
5,549,13,2,270
1,550,4,1,2900
1,551,16,1,600
2,551,26,1,600
3,551,11,2,1681
4,551,15,2,530
1,552,23,1,300
2,552,2,1,750
3,552,24,1,550
4,552,18,1,449
5,552,19,2,449
1,553,24,1,550
2,553,18,2,449
3,553,12,1,550
1,554,3,2,1000
2,554,22,1,270
3,554,4,2,2900
1,555,8,1,1800
2,555,7,1,4000
3,555,20,2,600
1,556,16,1,600
2,556,4,2,2900
1,557,9,2,3000
2,557,10,1,1549
1,558,7,1,4000
2,558,16,1,600
3,558,9,1,3000
4,558,21,2,270
5,558,10,2,1549
1,559,15,2,530
2,559,6,1,470
3,559,7,2,4000
1,560,16,1,600
2,560,26,2,600
1,561,15,2,530
2,561,18,1,449
3,561,5,1,1321
4,561,17,2,429
1,562,25,2,500
2,562,26,1,600
1,563,6,2,470
2,563,19,1,449
3,563,13,2,270
1,564,4,1,2900
2,564,15,1,530
1,565,18,1,449
2,565,25,2,500
3,565,9,1,3000
4,565,17,1,429
1,566,24,2,550
2,566,7,2,4000
3,566,8,1,1800
4,566,21,2,270
1,567,9,1,3000
2,567,5,1,1321
1,568,5,1,1321
2,568,10,1,1549
1,569,16,1,600
2,569,24,2,550
1,570,18,1,449
2,570,24,2,550
3,570,3,2,1000
4,570,11,1,1681
5,570,16,1,600
1,571,4,1,2900
2,571,9,1,3000
1,572,3,1,1000
2,572,13,2,270
3,572,11,2,1681
1,573,2,1,750
1,574,26,1,600
2,574,13,2,270
3,574,12,2,550
4,574,23,2,300
5,574,11,2,1681
1,575,4,2,2900
2,575,12,1,550
1,576,9,1,3000
1,577,3,2,1000
1,578,21,1,270
2,578,25,2,500
3,578,18,2,449
4,578,8,2,1800
1,579,7,2,4000
2,579,6,1,470
1,580,16,2,600
2,580,15,1,530
3,580,21,2,270
4,580,9,2,3000
5,580,19,1,449
1,581,8,2,1800
1,582,10,2,1549
2,582,17,2,429
1,583,15,2,530
1,584,19,1,449
2,584,23,1,300
3,584,15,1,530
4,584,22,1,270
5,584,8,2,1800
1,585,10,1,1549
2,585,18,2,449
3,585,15,1,530
4,585,12,2,550
1,586,11,2,1681
2,586,23,2,300
1,587,24,1,550
2,587,23,1,300
3,587,18,1,449
4,587,21,1,270
1,588,10,2,1549
2,588,23,1,300
1,589,15,2,530
1,590,2,2,750
2,590,20,1,600
3,590,8,2,1800
4,590,5,2,1321
5,590,24,1,550
1,591,16,2,600
2,591,25,2,500
3,591,2,2,750
1,592,21,2,270
2,592,16,1,600
3,592,18,2,449
1,593,3,2,1000
2,593,25,1,500
1,594,26,1,600
2,594,21,2,270
1,595,4,1,2900
2,595,19,2,449
3,595,3,1,1000
4,595,10,1,1549
5,595,26,2,600
1,596,5,1,1321
2,596,23,2,300
3,596,9,1,3000
1,597,17,2,429
2,597,8,1,1800
1,598,4,2,2900
2,598,16,2,600
3,598,14,1,270
1,599,9,2,3000
2,599,22,2,270
3,599,23,1,300
4,599,10,2,1549
1,600,26,2,600
2,600,4,1,2900
3,600,18,2,449
1,601,12,2,550
1,602,15,2,530
2,602,5,2,1321
1,603,12,1,550
2,603,4,1,2900
1,604,10,2,1549
2,604,9,2,3000
1,605,19,1,449
2,605,25,2,500
3,605,13,2,270
4,605,11,1,1681
1,606,6,2,470
2,606,18,2,449
1,607,11,2,1681
2,607,26,2,600
3,607,14,1,270
1,608,4,2,2900
2,608,7,2,4000
3,608,24,1,550
1,609,10,1,1549
2,609,7,1,4000
3,609,22,2,270
4,609,5,1,1321
1,610,26,1,600
2,610,24,1,550
3,610,18,2,449
4,610,3,1,1000
5,610,8,1,1800
1,611,16,2,600
1,612,13,1,270
2,612,14,1,270
3,612,17,1,429
4,612,20,1,600
1,613,9,2,3000
2,613,18,2,449
3,613,12,1,550
1,614,18,1,449
2,614,21,1,270
1,615,11,1,1681
2,615,23,1,300
3,615,6,2,470
4,615,19,2,449
1,616,24,1,550
2,616,16,2,600
1,617,15,2,530
2,617,11,2,1681
1,618,17,2,429
2,618,11,1,1681
1,619,25,1,500
1,620,5,2,1321
1,621,17,2,429
1,622,9,2,3000
2,622,18,1,449
3,622,10,1,1549
4,622,25,1,500
1,623,8,1,1800
1,624,21,2,270
2,624,16,1,600
3,624,22,1,270
4,624,14,2,270
1,625,17,1,429
2,625,11,2,1681
3,625,26,1,600
4,625,23,2,300
1,626,15,1,530
1,627,19,1,449
2,627,9,2,3000
3,627,26,1,600
1,628,15,2,530
1,629,19,1,449
2,629,5,2,1321
3,629,23,2,300
4,629,14,2,270
5,629,6,2,470
1,630,5,1,1321
2,630,25,1,500
3,630,18,2,449
4,630,21,2,270
1,631,24,2,550
2,631,15,2,530
1,632,25,1,500
2,632,11,2,1681
3,632,15,1,530
4,632,6,1,470
5,632,22,2,270
1,633,12,2,550
2,633,13,2,270
3,633,5,2,1321
4,633,10,2,1549
1,634,4,2,2900
2,634,12,1,550
1,635,4,1,2900
1,636,85,2,330
1,637,9,1,3000
2,637,106,2,450
1,638,103,1,552
2,638,56,1,5500
3,638,53,2,750
1,639,15,1,530
2,639,73,1,750
3,639,72,1,620
4,639,61,2,5000
1,640,106,2,450
2,640,32,1,470
3,640,30,1,1000
4,640,76,2,300
5,640,109,2,417
1,641,15,1,530
2,641,62,1,3500
3,641,64,1,490
1,642,68,2,450
1,643,53,1,750
1,644,9,1,3000
1,645,99,1,300
2,645,42,2,2300
3,645,6,1,470
4,645,47,2,5300
5,645,21,2,270
1,646,15,2,530
2,646,4,1,2900
3,646,95,1,300
4,646,12,1,550
1,647,25,2,500
2,647,13,1,270
1,648,24,1,550
1,649,97,2,350
2,649,90,1,210
3,649,11,2,1681
4,649,78,1,648
1,650,3,1,1000
1,651,79,1,403
2,651,85,1,330
3,651,102,2,490
4,651,94,2,250
1,652,102,1,490
2,652,62,2,3500
3,652,67,2,251
4,652,23,1,300
5,652,74,1,440
1,653,6,1,470
2,653,43,1,5300
3,653,2,2,750
4,653,80,1,762
5,653,88,2,190
1,654,9,1,3000
2,654,95,1,300
3,654,110,2,471
4,654,97,2,350
1,655,67,1,251
1,656,83,1,150
2,656,22,1,270
3,656,33,2,470
1,657,52,1,876
2,657,54,2,3200
1,658,49,2,3500
2,658,29,1,1000
3,658,9,1,3000
1,659,42,2,2300
2,659,39,2,1500
3,659,70,1,660
4,659,61,2,5000
1,660,30,1,1000
2,660,59,2,2600
3,660,47,2,5300
4,660,29,2,1000
1,661,63,2,3500
2,661,22,2,270
1,662,55,2,2700
2,662,95,2,300
3,662,102,2,490
4,662,22,1,270
5,662,106,2,450
1,663,41,2,1470
2,663,17,2,429
3,663,94,1,250
4,663,71,1,417
5,663,106,1,450
1,664,52,2,876
2,664,5,1,1321
3,664,50,1,6000
4,664,101,2,340
5,664,47,1,5300
1,665,58,1,5000
2,665,42,2,2300
3,665,25,2,500
1,666,98,2,490
2,666,39,1,1500
1,667,79,1,403
2,667,84,1,110
3,667,3,1,1000
4,667,99,1,300
5,667,85,1,330
1,668,48,2,1500
2,668,19,2,449
1,669,16,2,600
2,669,72,1,620
1,670,108,1,450
2,670,28,1,2500
3,670,104,2,482
4,670,45,2,870
1,671,30,1,1000
2,671,69,1,417
3,671,55,1,2700
4,671,4,1,2900
5,671,109,2,417
1,672,51,2,6500
2,672,96,2,350
3,672,48,2,1500
1,673,66,1,251
2,673,38,1,550
3,673,5,1,1321
4,673,13,1,270
1,674,26,2,600
1,675,17,1,429
2,675,89,2,210
3,675,19,1,449
4,675,32,1,470
1,676,70,1,660
2,676,104,2,482
3,676,24,1,550
4,676,29,1,1000
1,677,75,1,600
2,677,7,2,4000
3,677,105,2,534
4,677,91,2,350
5,677,54,2,3200
1,678,52,2,876
2,678,37,2,380
1,679,15,2,530
2,679,83,2,150
1,680,81,2,1100
2,680,7,1,4000
3,680,50,1,6000
1,681,82,1,660
2,681,63,1,3500
3,681,61,1,5000
4,681,6,2,470
5,681,30,1,1000
1,682,39,1,1500
2,682,60,2,1560
3,682,99,1,300
1,683,2,2,750
1,684,56,1,5500
2,684,33,1,470
1,685,59,1,2600
2,685,48,2,1500
3,685,107,1,417
4,685,98,2,490
5,685,56,2,5500
1,686,16,1,600
2,686,30,1,1000
3,686,88,2,190
4,686,19,2,449
5,686,104,1,482
1,687,48,2,1500
2,687,95,1,300
3,687,5,2,1321
4,687,83,1,150
1,688,8,1,1800
2,688,88,1,190
1,689,33,2,470
1,690,84,1,110
2,690,11,2,1681
3,690,85,1,330
4,690,109,2,417
1,691,23,2,300
2,691,5,2,1321
3,691,55,2,2700
4,691,20,1,600
1,692,59,1,2600
2,692,75,1,600
3,692,15,2,530
4,692,56,2,5500
1,693,104,2,482
2,693,13,1,270
3,693,5,2,1321
4,693,31,1,1633
1,694,48,1,1500
2,694,39,1,1500
3,694,55,2,2700
4,694,103,2,552
5,694,45,2,870
1,695,82,2,660
2,695,57,2,2000
1,696,88,2,190
2,696,7,1,4000
3,696,45,1,870
1,697,5,2,1321
1,698,96,1,350
2,698,12,1,550
3,698,40,2,5000
1,699,106,2,450
2,699,48,1,1500
3,699,31,1,1633
4,699,24,2,550
5,699,82,2,660
1,700,7,2,4000
2,700,63,1,3500
1,701,84,1,110
1,702,25,2,500
2,702,104,1,482
3,702,3,2,1000
1,703,45,2,870
2,703,66,2,251
3,703,72,1,620
4,703,4,2,2900
1,704,10,2,1549
2,704,62,1,3500
3,704,100,2,490
1,705,61,1,5000
1,706,27,1,1000
2,706,23,2,300
3,706,60,1,1560
1,707,106,2,450
2,707,100,1,490
3,707,11,2,1681
4,707,26,2,600
1,708,6,1,470
2,708,47,1,5300
3,708,34,2,470
1,709,55,2,2700
2,709,101,2,340
3,709,48,1,1500
1,710,42,1,2300
2,710,60,2,1560
3,710,39,2,1500
4,710,57,1,2000
5,710,28,1,2500
1,711,5,2,1321
2,711,95,2,300
3,711,72,2,620
1,712,44,2,540
2,712,74,2,440
3,712,35,1,833
4,712,76,1,300
5,712,4,2,2900
1,713,93,2,210
2,713,97,2,350
3,713,53,1,750
4,713,108,2,450
1,714,92,2,210
1,715,61,2,5000
2,715,50,1,6000
1,716,111,2,471
2,716,93,2,210
3,716,79,1,403
4,716,4,2,2900
1,717,56,2,5500
2,717,93,1,210
1,718,92,2,210
2,718,40,2,5000
3,718,64,2,490
1,719,100,1,490
1,720,111,1,471
2,720,6,1,470
1,721,45,2,870
2,721,102,1,490
3,721,73,2,750
4,721,33,1,470
1,722,22,2,270
2,722,3,1,1000
3,722,104,2,482
1,723,24,2,550
2,723,16,1,600
3,723,108,1,450
1,724,23,1,300
2,724,75,1,600
3,724,102,1,490
4,724,55,1,2700
1,725,90,1,210
2,725,91,1,350
3,725,77,2,800
4,725,62,2,3500
1,726,64,1,490
1,727,78,1,648
2,727,82,2,660
1,728,70,1,660
2,728,56,1,5500
3,728,91,1,350
4,728,58,1,5000
1,729,101,2,340
1,730,59,2,2600
2,730,79,1,403
3,730,96,2,350
4,730,13,1,270
1,731,91,1,350
2,731,49,1,3500
3,731,67,2,251
4,731,29,1,1000
1,732,47,1,5300
2,732,4,2,2900
1,733,84,1,110
2,733,55,1,2700
3,733,102,2,490
1,734,26,1,600
2,734,3,1,1000
3,734,84,2,110
4,734,65,2,347
1,735,71,2,417
2,735,10,2,1549
1,736,56,2,5500
2,736,17,1,429
3,736,62,2,3500
1,737,52,1,876
2,737,19,2,449
3,737,77,2,800
4,737,34,1,470
1,738,82,2,660
2,738,38,2,550
3,738,25,1,500
4,738,63,1,3500
1,739,3,1,1000
1,740,81,1,1100
2,740,94,2,250
3,740,11,1,1681
4,740,19,1,449
5,740,12,2,550
1,741,58,1,5000
2,741,76,1,300
3,741,21,2,270
4,741,56,2,5500
1,742,107,2,417
2,742,45,1,870
1,743,80,1,762
1,744,33,2,470
1,745,95,2,300
2,745,22,2,270
3,745,78,1,648
1,746,99,1,300
1,747,110,1,471
2,747,86,1,150
3,747,33,2,470
4,747,81,1,1100
1,748,16,2,600
2,748,83,2,150
3,748,41,1,1470
4,748,35,2,833
1,749,9,1,3000
2,749,28,1,2500
3,749,79,1,403
4,749,24,1,550
5,749,40,1,5000
1,750,72,1,620
2,750,78,2,648
1,751,45,2,870
1,752,12,2,550
2,752,31,2,1633
1,753,105,2,534
2,753,7,2,4000
3,753,36,2,833
4,753,95,1,300
5,753,66,1,251
1,754,74,2,440
2,754,12,2,550
3,754,3,1,1000
4,754,67,2,251
5,754,7,1,4000
1,755,80,2,762
2,755,43,2,5300
3,755,57,2,2000
1,756,64,1,490
2,756,17,2,429
1,757,95,1,300
1,758,22,2,270
2,758,99,1,300
3,758,27,1,1000
4,758,65,2,347
5,758,109,1,417
1,759,93,2,210
2,759,78,1,648
1,760,21,2,270
2,760,29,2,1000
1,761,43,1,5300
2,761,52,2,876
1,762,102,2,490
1,763,90,1,210
2,763,103,1,552
1,764,55,1,2700
2,764,95,2,300
3,764,81,2,1100
1,765,28,2,2500
2,765,12,1,550
3,765,25,1,500
4,765,53,1,750
5,765,65,1,347
1,766,111,1,471
1,767,63,1,3500
2,767,29,1,1000
3,767,41,2,1470
4,767,77,2,800
1,768,31,1,1633
2,768,76,1,300
1,769,8,1,1800
2,769,6,2,470
3,769,36,2,833
1,770,110,1,471
2,770,42,1,2300
3,770,103,1,552
4,770,11,2,1681
1,771,13,2,270
2,771,88,1,190
1,772,103,1,552
1,773,92,1,210
2,773,14,1,270
3,773,17,2,429
4,773,33,2,470
1,774,65,1,347
2,774,36,2,833
3,774,20,1,600
4,774,73,1,750
5,774,58,2,5000
1,775,39,1,1500
1,776,28,1,2500
2,776,42,2,2300
3,776,71,1,417
4,776,35,1,833
1,777,5,1,1321
2,777,7,2,4000
3,777,2,1,750
1,778,64,1,490
2,778,85,1,330
1,779,101,1,340
2,779,90,2,210
3,779,47,1,5300
4,779,8,1,1800
5,779,85,1,330
1,780,32,1,470
1,781,109,2,417
2,781,7,2,4000
3,781,57,2,2000
1,782,20,2,600
2,782,57,1,2000
3,782,99,1,300
4,782,16,2,600
1,783,92,1,210
2,783,22,2,270
3,783,94,1,250
4,783,29,1,1000
1,784,22,1,270
2,784,72,2,620
3,784,16,1,600
1,785,59,2,2600
2,785,40,1,5000
3,785,25,1,500
1,786,80,1,762
1,787,51,2,6500
2,787,66,2,251
1,788,48,1,1500
2,788,19,1,449
3,788,13,1,270
1,789,100,2,490
2,789,93,2,210
1,790,62,2,3500
2,790,91,1,350
1,791,54,1,3200
2,791,25,2,500
1,792,16,2,600
2,792,39,1,1500
3,792,56,1,5500
4,792,30,1,1000
5,792,2,1,750
1,793,60,1,1560
2,793,95,2,300
3,793,75,2,600
1,794,41,2,1470
2,794,68,1,450
3,794,17,1,429
4,794,28,1,2500
1,795,95,2,300
2,795,99,2,300
1,796,6,2,470
1,797,11,1,1681
2,797,69,1,417
3,797,74,1,440
4,797,54,2,3200
5,797,62,2,3500
1,798,23,1,300
2,798,90,1,210
3,798,91,2,350
4,798,42,1,2300
5,798,26,2,600
1,799,5,2,1321
2,799,34,2,470
3,799,29,2,1000
4,799,63,1,3500
5,799,58,2,5000
1,800,65,2,347
2,800,54,1,3200
3,800,6,2,470
4,800,52,1,876
5,800,95,2,300
1,801,101,1,340
1,802,30,1,1000
2,802,36,2,833
3,802,40,1,5000
4,802,28,1,2500
1,803,111,1,471
2,803,52,2,876
3,803,102,1,490
4,803,83,2,150
1,804,89,2,210
2,804,53,1,750
3,804,50,2,6000
1,805,24,1,550
2,805,33,2,470
3,805,62,2,3500
4,805,32,1,470
5,805,6,2,470
1,806,93,2,210
2,806,97,1,350
3,806,77,2,800
4,806,82,2,660
5,806,91,2,350
1,807,21,2,270
2,807,6,1,470
3,807,3,2,1000
4,807,9,2,3000
5,807,16,1,600
1,808,96,2,350
2,808,18,1,449
3,808,85,1,330
4,808,19,2,449
1,809,78,1,648
2,809,26,1,600
3,809,92,2,210
1,810,103,2,552
2,810,100,1,490
3,810,56,1,5500
4,810,22,1,270
1,811,45,2,870
2,811,54,1,3200
3,811,70,1,660
4,811,66,1,251
1,812,76,2,300
2,812,40,1,5000
1,813,96,2,350
2,813,85,2,330
3,813,33,2,470
4,813,26,2,600
5,813,71,2,417
1,814,69,2,417
2,814,100,1,490
3,814,65,1,347
4,814,83,2,150
1,815,105,2,534
2,815,102,2,490
3,815,87,2,190
4,815,23,1,300
1,816,75,2,600
2,816,64,2,490
1,817,85,1,330
2,817,105,2,534
3,817,48,2,1500
1,818,103,1,552
2,818,44,2,540
3,818,19,2,449
4,818,48,2,1500
1,819,94,1,250
1,820,107,1,417
1,821,102,1,490
2,821,70,2,660
3,821,6,1,470
4,821,107,1,417
1,822,53,1,750
2,822,72,1,620
1,823,56,2,5500
2,823,86,2,150
3,823,81,1,1100
1,824,92,2,210
1,825,19,1,449
2,825,30,2,1000
1,826,45,2,870
2,826,36,1,833
1,827,43,1,5300
2,827,41,1,1470
3,827,28,1,2500
4,827,108,1,450
1,828,25,2,500
2,828,24,1,550
3,828,55,2,2700
1,829,103,1,552
2,829,105,2,534
1,830,85,2,330
2,830,100,2,490
3,830,96,2,350
1,831,67,1,251
2,831,11,1,1681
3,831,68,1,450
1,832,54,1,3200
2,832,45,1,870
3,832,27,1,1000
4,832,16,2,600
1,833,20,2,600
1,834,54,1,3200
2,834,21,1,270
3,834,78,1,648
1,835,65,2,347
2,835,82,1,660
3,835,2,1,750
1,836,108,2,450
1,837,51,1,6500
2,837,97,1,350
3,837,87,2,190
1,838,28,1,2500
2,838,10,1,1549
3,838,100,2,490
4,838,65,2,347
1,839,55,1,2700
2,839,85,1,330
3,839,58,2,5000
1,840,27,1,1000
2,840,43,1,5300
3,840,106,2,450
1,841,22,2,270
2,841,9,1,3000
3,841,11,1,1681
4,841,90,2,210
5,841,100,1,490
1,842,81,2,1100
2,842,42,1,2300
1,843,72,1,620
2,843,75,2,600
3,843,81,1,1100
4,843,23,2,300
1,844,79,2,403
2,844,12,1,550
3,844,83,2,150
4,844,48,1,1500
5,844,63,2,3500
1,845,16,2,600
2,845,75,1,600
3,845,26,2,600
4,845,73,2,750
5,845,88,1,190
1,846,46,2,1410
2,846,47,1,5300
3,846,71,1,417
4,846,72,2,620
5,846,103,2,552
1,847,61,2,5000
1,848,93,1,210
2,848,100,2,490
3,848,88,2,190
4,848,41,2,1470
1,849,109,1,417
1,850,101,2,340
2,850,5,2,1321
3,850,37,1,380
1,851,30,1,1000
2,851,93,1,210
1,852,46,2,1410
1,853,99,1,300
2,853,58,2,5000
3,853,42,2,2300
4,853,45,1,870
5,853,6,1,470
1,854,87,1,190
1,855,18,1,449
2,855,93,2,210
3,855,89,1,210
1,856,38,2,550
1,857,29,1,1000
1,858,45,2,870
2,858,5,1,1321
3,858,14,1,270
4,858,73,2,750
1,859,38,2,550
2,859,13,1,270
3,859,14,2,270
4,859,71,2,417
5,859,36,2,833
1,860,6,1,470
2,860,24,2,550
3,860,25,1,500
4,860,58,2,5000
5,860,95,2,300
1,861,14,2,270
2,861,62,1,3500
1,862,85,1,330
2,862,99,1,300
3,862,49,2,3500
1,863,93,2,210
1,864,37,1,380
2,864,65,2,347
3,864,13,1,270
1,865,109,2,417
2,865,34,1,470
1,866,88,1,190
2,866,67,2,251
3,866,80,1,762
4,866,13,2,270
1,867,101,1,340
1,868,46,1,1410
1,869,7,1,4000
2,869,106,2,450
3,869,33,1,470
4,869,55,2,2700
5,869,65,2,347
1,870,63,1,3500
1,871,106,1,450
2,871,38,1,550
3,871,30,2,1000
4,871,107,2,417
1,872,62,2,3500
2,872,53,1,750
1,873,32,2,470
1,874,56,1,5500
2,874,27,2,1000
3,874,73,1,750
4,874,77,2,800
1,875,5,2,1321
2,875,15,2,530
3,875,14,1,270
4,875,111,1,471
1,876,17,2,429
2,876,66,2,251
3,876,96,1,350
4,876,107,2,417
1,877,73,1,750
2,877,103,1,552
1,878,103,1,552
2,878,13,1,270
3,878,6,2,470
4,878,18,2,449
1,879,100,2,490
2,879,2,2,750
3,879,83,2,150
4,879,82,1,660
1,880,28,2,2500
2,880,95,1,300
3,880,5,1,1321
4,880,26,1,600
5,880,66,1,251
1,881,98,1,490
2,881,50,1,6000
3,881,64,2,490
4,881,67,1,251
1,882,63,2,3500
2,882,108,2,450
3,882,57,2,2000
1,883,44,1,540
2,883,5,2,1321
1,884,49,2,3500
2,884,69,2,417
3,884,46,2,1410
4,884,10,1,1549
5,884,21,2,270
1,885,106,1,450
2,885,43,1,5300
1,886,47,1,5300
2,886,30,1,1000
1,887,50,2,6000
2,887,70,1,660
1,888,33,2,470
2,888,26,2,600
1,889,12,2,550
1,890,16,2,600
2,890,105,2,534
3,890,52,1,876
4,890,67,1,251
5,890,65,2,347
1,891,107,2,417
2,891,32,1,470
3,891,35,2,833
4,891,50,1,6000
1,892,36,1,833
2,892,9,2,3000
3,892,50,2,6000
4,892,88,1,190
1,893,67,2,251
2,893,45,1,870
1,894,101,2,340
1,895,106,1,450
1,896,91,2,350
2,896,10,1,1549
1,897,105,1,534
2,897,96,1,350
1,898,45,2,870
2,898,16,1,600
3,898,57,2,2000
4,898,69,2,417
1,899,59,2,2600
2,899,17,1,429
3,899,6,1,470
1,900,26,2,600
2,900,108,1,450
3,900,89,1,210
4,900,61,2,5000
5,900,28,2,2500
1,901,50,1,6000
2,901,43,1,5300
1,902,38,2,550
2,902,92,1,210
3,902,12,1,550
4,902,76,2,300
1,903,31,2,1633
2,903,48,2,1500
1,904,36,2,833
2,904,51,2,6500
3,904,92,2,210
4,904,13,1,270
1,905,67,1,251
2,905,62,2,3500
3,905,42,2,2300
4,905,20,1,600
1,906,23,2,300
2,906,28,2,2500
3,906,46,1,1410
4,906,102,2,490
5,906,22,2,270
1,907,84,2,110
2,907,65,1,347
1,908,41,1,1470
2,908,94,1,250
3,908,102,2,490
1,909,5,1,1321
1,910,23,1,300
1,911,66,2,251
2,911,106,1,450
3,911,91,2,350
4,911,49,1,3500
1,912,22,2,270
2,912,71,2,417
3,912,101,1,340
4,912,2,2,750
1,913,90,2,210
2,913,24,2,550
1,914,38,1,550
2,914,20,2,600
3,914,106,1,450
4,914,46,1,1410
1,915,64,1,490
2,915,48,1,1500
3,915,42,1,2300
4,915,2,1,750
1,916,92,1,210
1,917,41,1,1470
1,918,91,1,350
2,918,31,1,1633
3,918,4,2,2900
1,919,7,1,4000
2,919,44,1,540
1,920,76,1,300
2,920,39,2,1500
3,920,78,1,648
4,920,80,2,762
1,921,77,1,800
2,921,75,2,600
3,921,48,1,1500
1,922,68,1,450
2,922,73,1,750
3,922,86,1,150
1,923,74,2,440
2,923,6,1,470
1,924,97,2,350
2,924,36,1,833
1,925,97,1,350
2,925,62,2,3500
1,926,37,2,380
1,927,74,2,440
2,927,16,2,600
3,927,50,1,6000
4,927,3,1,1000
5,927,43,1,5300
1,928,71,2,417
2,928,83,1,150
1,929,82,1,660
2,929,63,2,3500
3,929,24,1,550
1,930,56,2,5500
2,930,82,1,660
3,930,60,1,1560
4,930,65,2,347
5,930,51,2,6500
1,931,49,2,3500
2,931,76,1,300
1,932,74,1,440
1,933,77,1,800
2,933,21,1,270
3,933,75,2,600
1,934,35,2,833
2,934,48,1,1500
3,934,18,1,449
4,934,61,1,5000
5,934,56,2,5500
1,935,65,2,347
2,935,76,2,300
3,935,6,1,470
4,935,38,1,550
1,936,70,1,660
2,936,44,1,540
1,937,108,2,450
2,937,51,2,6500
3,937,58,2,5000
4,937,28,2,2500
5,937,66,1,251
1,938,4,1,2900
2,938,13,1,270
1,939,5,1,1321
2,939,107,2,417
1,940,75,2,600
1,941,25,1,500
2,941,102,2,490
3,941,11,2,1681
1,942,98,2,490
2,942,110,2,471
3,942,35,2,833
4,942,103,1,552
5,942,100,1,490
1,943,25,1,500
2,943,82,1,660
1,944,29,2,1000
2,944,16,2,600
3,944,70,2,660
4,944,85,2,330
5,944,69,2,417
1,945,105,1,534
2,945,94,2,250
3,945,34,2,470
4,945,44,2,540
5,945,50,2,6000
1,946,7,1,4000
2,946,85,2,330
3,946,62,1,3500
4,946,22,2,270
5,946,56,2,5500
1,947,32,1,470
2,947,42,2,2300
3,947,44,1,540
1,948,23,2,300
2,948,20,2,600
3,948,101,1,340
4,948,92,2,210
5,948,72,2,620
1,949,9,2,3000
2,949,55,2,2700
1,950,56,1,5500
1,951,59,1,2600
2,951,43,2,5300
3,951,62,2,3500
1,952,20,2,600
2,952,57,1,2000
1,953,23,2,300
1,954,4,2,2900
1,955,43,1,5300
2,955,31,2,1633
3,955,96,1,350
4,955,63,1,3500
5,955,88,1,190
1,956,76,2,300
2,956,23,1,300
3,956,73,2,750
4,956,13,2,270
5,956,79,2,403
1,957,108,2,450
2,957,14,2,270
3,957,70,2,660
4,957,66,1,251
5,957,111,1,471
1,958,51,1,6500
2,958,76,1,300
1,959,15,1,530
2,959,72,1,620
3,959,41,1,1470
4,959,65,1,347
1,960,73,2,750
2,960,52,1,876
3,960,48,2,1500
4,960,83,2,150
1,961,105,1,534
2,961,47,2,5300
3,961,65,2,347
1,962,65,2,347
2,962,64,2,490
1,963,4,1,2900
1,964,90,1,210
2,964,74,1,440
1,965,90,2,210
1,966,88,1,190
2,966,73,1,750
1,967,66,1,251
2,967,77,2,800
3,967,87,1,190
4,967,103,1,552
1,968,87,1,190
2,968,61,2,5000
3,968,10,2,1549
1,969,74,1,440
2,969,36,1,833
1,970,85,1,330
2,970,48,2,1500
3,970,54,2,3200
4,970,68,1,450
1,971,70,2,660
2,971,65,2,347
3,971,8,2,1800
4,971,12,2,550
5,971,38,1,550
1,972,100,1,490
2,972,63,1,3500
1,973,4,2,2900
2,973,28,2,2500
3,973,47,2,5300
4,973,71,1,417
1,974,33,2,470
2,974,22,2,270
1,975,110,2,471
1,976,26,2,600
2,976,39,1,1500
1,977,52,2,876
2,977,69,2,417
3,977,27,1,1000
4,977,80,2,762
1,978,106,2,450
2,978,25,2,500
3,978,108,2,450
1,979,55,1,2700
2,979,71,2,417
3,979,12,2,550
4,979,52,1,876
1,980,49,2,3500
2,980,9,1,3000
3,980,64,1,490
1,981,35,1,833
2,981,95,2,300
3,981,21,2,270
4,981,36,2,833
5,981,61,1,5000
1,982,22,2,270
2,982,110,1,471
3,982,52,1,876
4,982,40,2,5000
1,983,63,1,3500
2,983,20,2,600
3,983,68,1,450
4,983,81,2,1100
5,983,88,1,190
1,984,68,1,450
2,984,81,2,1100
3,984,12,1,550
4,984,111,1,471
1,985,5,2,1321
2,985,59,1,2600
3,985,78,2,648
1,986,87,1,190
2,986,78,1,648
3,986,26,2,600
1,987,51,2,6500
2,987,60,2,1560
3,987,80,1,762
1,988,35,1,833
2,988,38,1,550
3,988,12,2,550
1,989,99,1,300
2,989,27,1,1000
3,989,70,1,660
4,989,84,2,110
5,989,5,1,1321
1,990,6,2,470
2,990,29,1,1000
3,990,91,1,350
4,990,14,2,270
1,991,9,2,3000
2,991,79,1,403
3,991,34,1,470
1,992,45,1,870
2,992,102,1,490
3,992,20,1,600
4,992,101,2,340
5,992,7,1,4000
1,993,58,1,5000
2,993,36,2,833
3,993,10,2,1549
4,993,99,2,300
5,993,79,2,403
1,994,37,2,380
2,994,45,1,870
3,994,66,1,251
1,995,16,2,600
2,995,90,1,210
3,995,101,1,340
1,996,68,2,450
2,996,32,1,470
1,997,86,2,150
2,997,105,2,534
3,997,14,2,270
1,998,26,2,600
2,998,105,1,534
1,999,70,2,660
2,999,106,1,450
1,1000,65,2,347
2,1000,111,1,471
3,1000,19,2,449
4,1000,29,2,1000
1,1001,72,1,620
2,1001,45,2,870
3,1001,58,1,5000
4,1001,111,1,471
1,1002,100,1,490
2,1002,83,1,150
3,1002,8,2,1800
4,1002,79,1,403
1,1003,34,2,470
2,1003,51,2,6500
1,1004,36,2,833
1,1005,14,2,270
2,1005,81,2,1100
3,1005,99,1,300
1,1006,20,1,600
2,1006,68,1,450
3,1006,56,2,5500
4,1006,65,1,347
5,1006,46,1,1410
1,1007,26,1,600
2,1007,11,1,1681
3,1007,85,2,330
4,1007,76,1,300
5,1007,106,2,450
1,1008,71,1,417
2,1008,2,1,750
3,1008,95,1,300
1,1009,95,2,300
2,1009,44,1,540
1,1010,109,2,417
1,1011,88,1,190
2,1011,99,2,300
3,1011,16,2,600
4,1011,68,2,450
1,1012,8,1,1800
2,1012,64,1,490
1,1013,60,2,1560
1,1014,97,1,350
2,1014,45,2,870
3,1014,81,2,1100
4,1014,59,1,2600
1,1015,6,2,470
2,1015,73,2,750
3,1015,101,2,340
4,1015,13,1,270
1,1016,76,2,300
1,1017,89,1,210
2,1017,82,2,660
3,1017,100,1,490
4,1017,18,2,449
5,1017,77,2,800
1,1018,76,2,300
2,1018,97,2,350
3,1018,91,1,350
1,1019,30,1,1000
2,1019,52,1,876
3,1019,37,1,380
4,1019,93,2,210
1,1020,20,2,600
2,1020,69,2,417
3,1020,15,1,530
4,1020,57,2,2000
5,1020,40,2,5000
1,1021,49,2,3500
2,1021,23,2,300
1,1022,33,1,470
2,1022,46,1,1410
3,1022,65,1,347
4,1022,5,1,1321
1,1023,91,1,350
2,1023,43,2,5300
1,1024,104,1,482
2,1024,28,2,2500
3,1024,98,2,490
4,1024,96,2,350
5,1024,91,1,350
1,1025,89,1,210
2,1025,102,1,490
3,1025,39,1,1500
4,1025,15,1,530
5,1025,66,2,251
1,1026,7,2,4000
1,1027,95,2,300
2,1027,14,2,270
1,1028,111,2,471
2,1028,10,1,1549
3,1028,41,1,1470
4,1028,35,2,833
5,1028,108,1,450
1,1029,20,1,600
2,1029,55,1,2700
3,1029,40,1,5000
4,1029,68,2,450
1,1030,27,1,1000
2,1030,10,2,1549
3,1030,72,1,620
1,1031,27,2,1000
2,1031,108,2,450
1,1032,60,2,1560
2,1032,17,1,429
1,1033,26,1,600
2,1033,109,2,417
3,1033,27,2,1000
1,1034,101,1,340
2,1034,8,2,1800
3,1034,11,2,1681
4,1034,21,1,270
1,1035,96,1,350
1,1036,55,2,2700
2,1036,76,1,300
3,1036,18,2,449
4,1036,65,2,347
5,1036,12,1,550
1,1037,74,2,440
2,1037,3,1,1000
3,1037,65,2,347
4,1037,92,1,210
5,1037,84,2,110
1,1038,83,1,150
2,1038,9,1,3000
1,1039,18,2,449
1,1040,97,1,350
2,1040,28,2,2500
3,1040,64,1,490
4,1040,27,2,1000
5,1040,8,2,1800
1,1041,89,1,210
2,1041,61,2,5000
3,1041,94,2,250
1,1042,23,1,300
1,1043,55,2,2700
2,1043,20,1,600
1,1044,97,2,350
1,1045,28,1,2500
2,1045,104,2,482
1,1046,60,1,1560
2,1046,79,1,403
3,1046,32,1,470
4,1046,41,2,1470
5,1046,17,2,429
1,1047,28,2,2500
2,1047,78,1,648
3,1047,35,1,833
4,1047,49,1,3500
1,1048,3,2,1000
2,1048,37,1,380
3,1048,94,1,250
1,1049,9,1,3000
2,1049,36,2,833
3,1049,3,1,1000
4,1049,26,1,600
5,1049,10,2,1549
1,1050,96,2,350
2,1050,99,2,300
3,1050,45,2,870
4,1050,14,2,270
1,1051,46,1,1410
1,1052,7,1,4000
2,1052,103,1,552
3,1052,26,2,600
1,1053,49,2,3500
2,1053,26,2,600
3,1053,23,2,300
4,1053,68,1,450
5,1053,73,2,750
1,1054,36,2,833
2,1054,16,1,600
1,1055,43,2,5300
2,1055,101,2,340
3,1055,12,2,550
4,1055,83,2,150
5,1055,60,1,1560
1,1056,3,1,1000
1,1057,105,1,534
2,1057,97,1,350
3,1057,98,2,490
1,1058,43,1,5300
2,1058,29,2,1000
3,1058,103,1,552
1,1059,46,2,1410
2,1059,7,1,4000
3,1059,13,1,270
1,1060,7,1,4000
2,1060,11,2,1681
3,1060,61,2,5000
4,1060,30,2,1000
1,1061,14,1,270
2,1061,19,1,449
1,1062,13,1,270
2,1062,111,2,471
3,1062,5,1,1321
4,1062,12,1,550
1,1063,33,2,470
2,1063,100,2,490
3,1063,72,2,620
1,1064,18,1,449
2,1064,49,1,3500
1,1065,48,2,1500
2,1065,103,2,552
3,1065,63,1,3500
1,1066,15,2,530
2,1066,46,1,1410
3,1066,12,1,550
1,1067,74,2,440
2,1067,9,2,3000
3,1067,72,2,620
4,1067,6,2,470
1,1068,87,2,190
2,1068,82,1,660
3,1068,49,2,3500
4,1068,45,2,870
1,1069,109,1,417
2,1069,93,1,210
1,1070,110,1,471
2,1070,18,2,449
3,1070,94,1,250
1,1071,25,2,500
1,1072,83,1,150
2,1072,89,2,210
3,1072,36,2,833
1,1073,81,1,1100
2,1073,13,1,270
3,1073,20,1,600
1,1074,59,1,2600
2,1074,87,1,190
3,1074,89,2,210
1,1075,48,2,1500
2,1075,111,2,471
1,1076,95,1,300
2,1076,102,1,490
3,1076,73,2,750
1,1077,60,2,1560
1,1078,76,2,300
2,1078,60,2,1560
3,1078,15,1,530
4,1078,10,2,1549
5,1078,72,2,620
1,1079,70,2,660
1,1080,31,1,1633
2,1080,40,1,5000
3,1080,50,1,6000
4,1080,32,2,470
5,1080,86,1,150
1,1081,52,2,876
1,1082,29,2,1000
1,1083,65,2,347
2,1083,77,2,800
3,1083,61,1,5000
4,1083,33,1,470
1,1084,30,1,1000
2,1084,70,1,660
3,1084,98,2,490
4,1084,65,2,347
5,1084,60,1,1560
1,1085,66,2,251
2,1085,64,1,490
3,1085,74,1,440
1,1086,108,1,450
2,1086,67,1,251
3,1086,81,2,1100
4,1086,10,2,1549
5,1086,5,1,1321
1,1087,15,1,530
2,1087,102,2,490
3,1087,59,2,2600
4,1087,13,2,270
5,1087,109,2,417
1,1088,64,1,490
2,1088,30,1,1000
3,1088,33,1,470
4,1088,36,2,833
1,1089,70,2,660
2,1089,30,2,1000
1,1090,74,1,440
1,1091,97,1,350
2,1091,56,1,5500
3,1091,19,1,449
1,1092,34,1,470
2,1092,30,2,1000
3,1092,2,2,750
4,1092,18,1,449
1,1093,45,2,870
2,1093,17,2,429
3,1093,90,2,210
1,1094,71,1,417
2,1094,11,1,1681
3,1094,24,1,550
4,1094,107,1,417
1,1095,78,2,648
2,1095,3,2,1000
3,1095,15,2,530
4,1095,31,1,1633
5,1095,50,2,6000
1,1096,11,1,1681
1,1097,99,1,300
2,1097,106,2,450
3,1097,98,2,490
4,1097,19,1,449
5,1097,35,2,833
1,1098,88,1,190
1,1099,64,1,490
2,1099,13,2,270
3,1099,46,1,1410
4,1099,89,2,210
1,1100,12,1,550
2,1100,9,2,3000
1,1101,105,1,534
2,1101,51,1,6500
1,1102,91,1,350
1,1103,106,1,450
2,1103,46,2,1410
1,1104,17,1,429
2,1104,70,2,660
3,1104,43,1,5300
4,1104,80,1,762
1,1105,60,1,1560
2,1105,56,2,5500
3,1105,35,2,833
1,1106,96,1,350
1,1107,43,1,5300
2,1107,41,2,1470
1,1108,45,2,870
2,1108,100,1,490
3,1108,105,1,534
1,1109,72,2,620
1,1110,56,1,5500
1,1111,95,1,300
2,1111,66,2,251
3,1111,14,1,270
4,1111,24,1,550
1,1112,71,2,417
2,1112,42,1,2300
3,1112,5,2,1321
4,1112,87,2,190
5,1112,9,2,3000
1,1113,106,1,450
1,1114,52,1,876
1,1115,97,2,350
2,1115,50,2,6000
3,1115,91,2,350
4,1115,49,2,3500
1,1116,11,2,1681
1,1117,37,2,380
2,1117,91,1,350
3,1117,51,2,6500
1,1118,55,2,2700
2,1118,50,1,6000
3,1118,29,1,1000
4,1118,47,2,5300
1,1119,93,2,210
2,1119,55,2,2700
3,1119,104,1,482
1,1120,92,2,210
2,1120,31,1,1633
3,1120,30,2,1000
4,1120,93,1,210
5,1120,94,1,250
1,1121,11,2,1681
2,1121,110,2,471
1,1122,9,2,3000
2,1122,53,1,750
3,1122,49,2,3500
4,1122,41,2,1470
5,1122,72,1,620
1,1123,65,2,347
2,1123,61,2,5000
1,1124,7,2,4000
2,1124,6,1,470
3,1124,109,2,417
4,1124,45,2,870
5,1124,2,2,750
1,1125,16,2,600
2,1125,21,1,270
3,1125,81,2,1100
4,1125,24,1,550
5,1125,32,2,470
1,1126,33,2,470
2,1126,58,1,5000
3,1126,89,2,210
1,1127,23,2,300
2,1127,96,2,350
3,1127,37,1,380
1,1128,44,1,540
2,1128,10,1,1549
3,1128,65,2,347
1,1129,71,2,417
2,1129,56,1,5500
3,1129,61,2,5000
1,1130,54,2,3200
1,1131,60,2,1560
2,1131,103,2,552
1,1132,43,1,5300
2,1132,10,1,1549
3,1132,36,2,833
4,1132,16,1,600
1,1133,4,2,2900
2,1133,17,1,429
3,1133,90,2,210
4,1133,62,1,3500
1,1134,97,1,350
2,1134,36,1,833
1,1135,101,2,340
2,1135,51,1,6500
1,1136,105,1,534
1,1137,28,1,2500
2,1137,58,2,5000
3,1137,84,2,110
4,1137,69,2,417
1,1138,13,2,270
2,1138,105,2,534
3,1138,93,1,210
1,1139,106,2,450
2,1139,44,2,540
3,1139,69,1,417
4,1139,25,2,500
5,1139,7,1,4000
1,1140,39,2,1500
2,1140,71,2,417
3,1140,38,2,550
4,1140,40,2,5000
1,1141,8,1,1800
1,1142,20,2,600
2,1142,30,1,1000
3,1142,109,2,417
4,1142,108,2,450
5,1142,100,2,490
1,1143,99,1,300
2,1143,48,1,1500
3,1143,69,2,417
1,1144,88,1,190
1,1145,105,2,534
1,1146,36,1,833
2,1146,64,1,490
3,1146,11,1,1681
1,1147,82,1,660
2,1147,39,2,1500
1,1148,82,1,660
2,1148,22,1,270
3,1148,77,2,800
4,1148,94,2,250
1,1149,98,2,490
2,1149,48,1,1500
3,1149,58,1,5000
4,1149,85,1,330
5,1149,94,1,250
1,1150,29,1,1000
2,1150,91,1,350
3,1150,104,2,482
4,1150,21,2,270
1,1151,30,2,1000
1,1152,58,1,5000
2,1152,91,2,350
3,1152,24,1,550
1,1153,103,1,552
2,1153,6,2,470
1,1154,17,1,429
2,1154,60,1,1560
3,1154,67,2,251
1,1155,68,2,450
2,1155,6,2,470
3,1155,35,1,833
4,1155,77,2,800
1,1156,111,2,471
2,1156,86,1,150
1,1157,20,1,600
2,1157,31,2,1633
3,1157,37,2,380
4,1157,41,1,1470
1,1158,95,2,300
2,1158,74,1,440
1,1159,12,2,550
1,1160,41,1,1470
2,1160,9,1,3000
1,1161,71,2,417
2,1161,38,1,550
3,1161,22,1,270
4,1161,29,2,1000
1,1162,88,1,190
2,1162,40,2,5000
3,1162,86,1,150
4,1162,41,1,1470
5,1162,12,2,550
1,1163,63,2,3500
2,1163,53,2,750
1,1164,8,1,1800
2,1164,78,1,648
3,1164,103,2,552
4,1164,44,2,540
1,1165,65,2,347
2,1165,68,1,450
1,1166,103,2,552
1,1167,29,2,1000
2,1167,81,2,1100
3,1167,68,1,450
1,1168,23,2,300
2,1168,82,1,660
3,1168,51,1,6500
4,1168,107,2,417
5,1168,15,2,530
1,1169,91,2,350
2,1169,51,1,6500
3,1169,58,2,5000
4,1169,81,2,1100
1,1170,15,1,530
2,1170,47,2,5300
3,1170,62,2,3500
1,1171,94,2,250
2,1171,92,2,210
3,1171,10,2,1549
1,1172,78,2,648
2,1172,104,1,482
1,1173,95,1,300
2,1173,17,1,429
3,1173,68,1,450
4,1173,103,2,552
1,1174,110,2,471
2,1174,6,1,470
3,1174,106,1,450
1,1175,58,2,5000
2,1175,65,1,347
3,1175,20,1,600
4,1175,3,1,1000
5,1175,9,1,3000
1,1176,87,1,190
1,1177,62,2,3500
2,1177,74,1,440
1,1178,46,1,1410
2,1178,77,1,800
3,1178,108,1,450
4,1178,13,2,270
1,1179,93,2,210
2,1179,88,2,190
3,1179,33,2,470
4,1179,50,1,6000
1,1180,66,2,251
1,1181,98,1,490
1,1182,35,1,833
2,1182,49,2,3500
1,1183,63,1,3500
2,1183,80,2,762
3,1183,6,2,470
1,1184,16,2,600
2,1184,71,1,417
1,1185,19,2,449
2,1185,21,1,270
3,1185,63,2,3500
4,1185,80,1,762
1,1186,48,2,1500
2,1186,49,1,3500
3,1186,106,1,450
4,1186,27,1,1000
1,1187,36,2,833
2,1187,79,1,403
3,1187,4,1,2900
4,1187,53,2,750
1,1188,66,2,251
2,1188,91,2,350
3,1188,87,2,190
1,1189,55,1,2700
2,1189,102,2,490
3,1189,40,2,5000
1,1190,71,1,417
1,1191,40,2,5000
2,1191,89,2,210
3,1191,100,1,490
1,1192,24,2,550
2,1192,88,2,190
3,1192,37,2,380
1,1193,83,2,150
2,1193,27,1,1000
1,1194,71,1,417
2,1194,7,2,4000
3,1194,105,2,534
4,1194,84,1,110
1,1195,52,1,876
1,1196,53,1,750
1,1197,13,1,270
2,1197,108,2,450
3,1197,9,2,3000
4,1197,106,2,450
1,1198,105,1,534
1,1199,32,1,470
2,1199,94,2,250
3,1199,109,2,417
1,1200,42,2,2300
1,1201,95,1,300
2,1201,13,1,270
3,1201,26,1,600
4,1201,17,2,429
5,1201,19,2,449
1,1202,84,2,110
1,1203,6,2,470
2,1203,55,1,2700
1,1204,37,2,380
1,1205,105,2,534
2,1205,46,2,1410
3,1205,71,1,417
4,1205,79,2,403
5,1205,92,1,210
1,1206,73,1,750
2,1206,29,1,1000
1,1207,104,1,482
2,1207,103,1,552
3,1207,23,1,300
1,1208,12,1,550
2,1208,65,2,347
3,1208,86,2,150
4,1208,13,2,270
5,1208,87,1,190
1,1209,89,1,210
2,1209,97,1,350
1,1210,26,1,600
2,1210,6,2,470
3,1210,78,2,648
4,1210,84,1,110
5,1210,35,2,833
1,1211,15,2,530
2,1211,59,1,2600
3,1211,92,1,210
4,1211,93,1,210
5,1211,108,2,450
1,1212,74,1,440
2,1212,37,2,380
3,1212,39,2,1500
4,1212,68,2,450
1,1213,64,2,490
2,1213,78,1,648
3,1213,102,2,490
4,1213,15,1,530
1,1214,9,2,3000
2,1214,7,1,4000
3,1214,22,1,270
4,1214,77,2,800
5,1214,67,2,251
1,1215,73,2,750
2,1215,10,2,1549
1,1216,64,2,490
2,1216,54,1,3200
3,1216,19,1,449
4,1216,110,2,471
5,1216,43,1,5300
1,1217,73,1,750
2,1217,106,2,450
1,1218,32,1,470
2,1218,102,2,490
1,1219,17,2,429
2,1219,62,2,3500
3,1219,40,2,5000
1,1220,47,2,5300
2,1220,49,1,3500
3,1220,85,2,330
1,1221,100,1,490
2,1221,81,2,1100
3,1221,42,2,2300
4,1221,38,2,550
5,1221,97,2,350
1,1222,97,1,350
1,1223,103,1,552
1,1224,62,1,3500
2,1224,51,1,6500
3,1224,108,1,450
4,1224,32,1,470
1,1225,81,1,1100
2,1225,59,2,2600
3,1225,6,2,470
1,1226,77,2,800
2,1226,101,1,340
3,1226,11,2,1681
4,1226,51,1,6500
5,1226,42,1,2300
1,1227,90,2,210
2,1227,44,1,540
3,1227,26,1,600
4,1227,8,1,1800
5,1227,42,2,2300
1,1228,92,1,210
2,1228,55,2,2700
3,1228,20,2,600
1,1229,36,2,833
2,1229,61,2,5000
1,1230,32,2,470
2,1230,38,2,550
1,1231,75,2,600
2,1231,70,1,660
1,1232,4,2,2900
2,1232,110,2,471
3,1232,6,2,470
1,1233,87,2,190
2,1233,61,2,5000
3,1233,55,1,2700
1,1234,56,2,5500
2,1234,71,2,417
1,1235,7,1,4000
1,1236,60,1,1560
2,1236,32,2,470
3,1236,91,1,350
1,1237,23,1,300
2,1237,87,2,190
3,1237,95,2,300
4,1237,55,2,2700
5,1237,25,1,500
1,1238,40,1,5000
2,1238,14,1,270
3,1238,99,2,300
4,1238,101,1,340
1,1239,15,2,530
2,1239,91,1,350
3,1239,34,2,470
4,1239,36,1,833
1,1240,107,2,417
2,1240,23,2,300
3,1240,15,2,530
4,1240,77,2,800
5,1240,57,1,2000
1,1241,74,1,440
2,1241,71,2,417
1,1242,94,1,250
2,1242,27,1,1000
3,1242,10,1,1549
4,1242,70,1,660
1,1243,44,1,540
1,1244,45,1,870
2,1244,38,2,550
3,1244,33,1,470
4,1244,37,2,380
1,1245,13,1,270
1,1246,78,2,648
2,1246,46,1,1410
3,1246,45,2,870
1,1247,15,2,530
2,1247,28,2,2500
3,1247,26,1,600
1,1248,94,2,250
2,1248,33,2,470
3,1248,92,1,210
4,1248,12,1,550
1,1249,62,1,3500
2,1249,104,1,482
3,1249,61,1,5000
1,1250,78,2,648
2,1250,66,2,251
3,1250,20,2,600
4,1250,6,2,470
1,1251,40,2,5000
2,1251,56,1,5500
3,1251,7,1,4000
1,1252,79,1,403
2,1252,84,1,110
3,1252,57,2,2000
1,1253,25,2,500
2,1253,21,1,270
3,1253,88,1,190
1,1254,80,1,762
2,1254,91,1,350
1,1255,43,2,5300
2,1255,53,1,750
3,1255,14,2,270
4,1255,26,2,600
5,1255,82,1,660
1,1256,44,2,540
2,1256,100,1,490
1,1257,30,2,1000
2,1257,61,1,5000
3,1257,17,2,429
4,1257,41,1,1470
5,1257,4,1,2900
1,1258,94,2,250
2,1258,99,2,300
1,1259,60,1,1560
2,1259,19,1,449
1,1260,8,1,1800
2,1260,66,1,251
1,1261,73,1,750
2,1261,88,2,190
3,1261,100,1,490
4,1261,42,1,2300
1,1262,37,1,380
2,1262,52,1,876
3,1262,43,2,5300
4,1262,77,1,800
1,1263,45,1,870
2,1263,62,1,3500
3,1263,19,2,449
1,1264,101,1,340
2,1264,77,2,800
3,1264,29,2,1000
4,1264,52,1,876
1,1265,41,2,1470
2,1265,72,2,620
1,1266,90,1,210
2,1266,48,1,1500
1,1267,45,1,870
2,1267,27,1,1000
3,1267,108,1,450
4,1267,95,1,300
1,1268,68,2,450
2,1268,87,2,190
3,1268,59,2,2600
4,1268,100,1,490
1,1269,4,2,2900
2,1269,7,1,4000
3,1269,111,1,471
1,1270,54,1,3200
1,1271,25,2,500
2,1271,50,2,6000
3,1271,87,2,190
4,1271,32,2,470
1,1272,16,2,600
2,1272,71,2,417
3,1272,86,1,150
1,1273,95,2,300
2,1273,20,1,600
3,1273,58,1,5000
1,1274,81,1,1100
1,1275,58,1,5000
2,1275,30,1,1000
1,1276,18,2,449
2,1276,58,1,5000
3,1276,42,1,2300
4,1276,24,2,550
5,1276,78,2,648
1,1277,56,2,5500
2,1277,93,2,210
3,1277,9,2,3000
4,1277,4,1,2900
5,1277,11,1,1681
1,1278,103,2,552
2,1278,32,1,470
1,1279,9,2,3000
1,1280,72,2,620
2,1280,74,1,440
3,1280,52,1,876
4,1280,63,1,3500
1,1281,36,1,833
2,1281,49,2,3500
3,1281,75,1,600
1,1282,111,1,471
2,1282,50,2,6000
1,1283,61,2,5000
2,1283,81,1,1100
3,1283,7,1,4000
4,1283,32,1,470
5,1283,11,1,1681
1,1284,101,1,340
2,1284,8,1,1800
3,1284,4,2,2900
1,1285,78,2,648
2,1285,93,1,210
3,1285,69,2,417
4,1285,6,1,470
1,1286,109,2,417
2,1286,81,2,1100
3,1286,87,1,190
1,1287,27,2,1000
2,1287,62,2,3500
3,1287,103,1,552
4,1287,100,2,490
1,1288,73,1,750
2,1288,64,2,490
3,1288,62,2,3500
4,1288,17,2,429
1,1289,89,1,210
2,1289,3,1,1000
1,1290,75,2,600
2,1290,36,1,833
3,1290,92,2,210
1,1291,57,1,2000
2,1291,58,2,5000
1,1292,70,1,660
1,1293,88,2,190
2,1293,74,2,440
3,1293,38,2,550
1,1294,95,2,300
2,1294,44,1,540
1,1295,5,2,1321
2,1295,61,1,5000
3,1295,52,1,876
1,1296,25,2,500
2,1296,90,1,210
3,1296,16,1,600
4,1296,2,2,750
1,1297,104,2,482
2,1297,43,1,5300
3,1297,51,2,6500
1,1298,59,1,2600
2,1298,110,2,471
1,1299,14,2,270
2,1299,101,1,340
3,1299,75,1,600
4,1299,52,2,876
1,1300,101,2,340
2,1300,58,2,5000
1,1301,45,2,870
2,1301,105,2,534
3,1301,8,1,1800
1,1302,38,1,550
2,1302,20,2,600
3,1302,56,2,5500
1,1303,96,1,350
2,1303,63,2,3500
3,1303,108,1,450
4,1303,73,1,750
5,1303,24,2,550
1,1304,80,1,762
2,1304,99,2,300
3,1304,102,1,490
4,1304,17,1,429
1,1305,85,1,330
2,1305,9,1,3000
3,1305,11,1,1681
4,1305,91,2,350
1,1306,103,2,552
2,1306,81,2,1100
3,1306,45,1,870
4,1306,42,1,2300
5,1306,9,2,3000
1,1307,96,2,350
2,1307,53,2,750
3,1307,69,2,417
1,1308,54,1,3200
2,1308,69,1,417
3,1308,14,2,270
4,1308,56,1,5500
5,1308,32,1,470
1,1309,65,1,347
2,1309,87,2,190
1,1310,59,1,2600
2,1310,77,2,800
3,1310,11,2,1681
4,1310,54,1,3200
1,1311,69,1,417
2,1311,45,2,870
3,1311,27,2,1000
4,1311,42,1,2300
1,1312,67,2,251
2,1312,14,1,270
3,1312,20,1,600
1,1313,75,1,600
2,1313,33,1,470
3,1313,69,1,417
1,1314,52,1,876
2,1314,72,2,620
3,1314,94,1,250
1,1315,104,2,482
2,1315,41,1,1470
3,1315,24,1,550
4,1315,26,1,600
5,1315,16,2,600
1,1316,76,2,300
2,1316,90,1,210
1,1317,82,1,660
1,1318,82,2,660
2,1318,62,2,3500
3,1318,111,1,471
4,1318,92,1,210
1,1319,75,1,600
2,1319,91,1,350
1,1320,104,1,482
2,1320,93,1,210
3,1320,99,2,300
1,1321,34,1,470
2,1321,107,1,417
3,1321,11,2,1681
1,1322,28,2,2500
2,1322,104,2,482
1,1323,27,2,1000
2,1323,20,1,600
3,1323,70,1,660
1,1324,66,1,251
2,1324,120,2,2500
3,1324,235,1,900
4,1324,3,1,1000
1,1325,139,1,3000
2,1325,257,1,900
3,1325,209,1,3000
4,1325,28,1,2500
1,1326,190,2,2800
2,1326,269,2,200
1,1327,151,2,1550
2,1327,235,2,900
3,1327,48,2,1500
4,1327,180,1,920
1,1328,241,1,750
2,1328,129,2,920
3,1328,228,1,320
4,1328,311,1,750
5,1328,247,1,600
1,1329,143,1,1100
2,1329,107,1,417
3,1329,55,1,2700
4,1329,283,2,320
5,1329,13,1,270
1,1330,232,1,480
2,1330,243,2,680
3,1330,230,2,430
4,1330,102,2,490
5,1330,282,1,280
1,1331,253,1,2600
2,1331,290,1,370
3,1331,145,2,1800
4,1331,300,1,800
1,1332,296,1,370
2,1332,93,2,210
3,1332,179,2,920
4,1332,298,1,280
1,1333,205,2,5000
2,1333,304,2,680
3,1333,99,2,300
4,1333,12,1,550
5,1333,78,1,648
1,1334,203,2,5000
2,1334,160,2,4500
3,1334,84,2,110
4,1334,13,1,270
5,1334,42,1,2300
1,1335,138,2,2250
1,1336,29,2,1000
2,1336,157,1,6500
3,1336,21,2,270
4,1336,207,1,4000
5,1336,185,1,2800
1,1337,153,1,5000
1,1338,169,2,6500
1,1339,175,1,3200
1,1340,253,1,2600
2,1340,92,2,210
3,1340,237,2,850
1,1341,215,2,750
2,1341,56,2,5500
3,1341,234,2,900
4,1341,66,2,251
1,1342,60,1,1560
2,1342,270,1,210
1,1343,244,1,560
2,1343,99,1,300
3,1343,184,2,3500
4,1343,65,2,347
5,1343,206,1,3300
1,1344,77,2,800
2,1344,103,2,552
3,1344,3,1,1000
4,1344,61,1,5000
1,1345,40,2,5000
2,1345,172,2,3200
3,1345,164,2,1549
4,1345,2,2,750
1,1346,134,2,1500
2,1346,150,1,4500
3,1346,18,2,449
4,1346,249,1,750
5,1346,263,2,90
1,1347,43,2,5300
2,1347,53,1,750
1,1348,203,1,5000
2,1348,148,1,5500
3,1348,58,2,5000
4,1348,147,1,1800
1,1349,138,2,2250
2,1349,205,2,5000
3,1349,168,2,1549
4,1349,184,1,3500
1,1350,305,1,750
2,1350,250,1,2600
3,1350,253,1,2600
4,1350,159,1,2300
5,1350,13,2,270
1,1351,297,2,280
2,1351,133,1,1500
1,1352,136,1,1800
2,1352,52,2,876
3,1352,282,2,280
4,1352,86,2,150
5,1352,100,1,490
1,1353,107,2,417
2,1353,233,1,640
3,1353,300,1,800
4,1353,86,2,150
1,1354,166,2,750
1,1355,297,1,280
2,1355,253,1,2600
3,1355,149,1,7500
4,1355,313,2,450
1,1356,192,1,2600
2,1356,199,2,3000
3,1356,276,2,320
1,1357,145,2,1800
2,1357,60,1,1560
3,1357,130,1,920
1,1358,257,2,900
1,1359,282,1,280
2,1359,82,1,660
1,1360,31,1,1633
1,1361,307,2,750
2,1361,153,1,5000
3,1361,163,2,1349
1,1362,27,2,1000
2,1362,204,2,3600
3,1362,4,2,2900
1,1363,66,2,251
1,1364,78,1,648
2,1364,155,2,12000
3,1364,152,1,2500
4,1364,110,1,471
1,1365,144,1,1550
2,1365,58,1,5000
3,1365,236,1,750
1,1366,115,1,3200
2,1366,128,2,1899
3,1366,200,1,3500
1,1367,132,1,1500
2,1367,131,2,2599
3,1367,124,1,1499
4,1367,24,2,550
1,1368,66,1,251
2,1368,113,2,490
3,1368,186,1,4500
1,1369,213,2,270
1,1370,7,1,4000
2,1370,89,2,210
3,1370,208,2,1800
4,1370,134,1,1500
1,1371,223,2,530
2,1371,8,2,1800
1,1372,307,1,750
2,1372,283,2,320
1,1373,63,1,3500
1,1374,181,2,2200
2,1374,130,2,920
1,1375,147,2,1800
2,1375,182,1,2500
1,1376,5,1,1321
1,1377,153,2,5000
2,1377,130,1,920
3,1377,48,1,1500
4,1377,188,2,3500
1,1378,96,2,350
2,1378,142,2,3200
3,1378,2,2,750
4,1378,110,1,471
5,1378,129,2,920
1,1379,15,1,530
2,1379,118,1,1000
3,1379,263,2,90
1,1380,255,2,900
2,1380,229,2,430
1,1381,274,2,230
2,1381,214,2,900
1,1382,232,1,480
2,1382,81,2,1100
3,1382,225,1,960
4,1382,135,1,1500
5,1382,238,1,750
1,1383,188,2,3500
2,1383,65,2,347
1,1384,32,1,470
2,1384,142,2,3200
3,1384,89,1,210
4,1384,97,1,350
1,1385,24,2,550
2,1385,145,1,1800
3,1385,39,2,1500
4,1385,135,1,1500
1,1386,292,1,370
2,1386,262,1,250
3,1386,306,1,900
4,1386,150,1,4500
1,1387,106,1,450
1,1388,251,1,3000
1,1389,85,2,330
2,1389,171,2,3200
3,1389,227,1,320
1,1390,41,2,1470
2,1390,27,2,1000
3,1390,306,1,900
4,1390,104,1,482
5,1390,147,2,1800
1,1391,223,2,530
2,1391,295,2,320
3,1391,277,1,370
1,1392,87,2,190
2,1392,240,2,900
1,1393,92,1,210
2,1393,82,1,660
3,1393,47,2,5300
4,1393,268,2,160
1,1394,165,2,2500
1,1395,204,1,3600
2,1395,48,2,1500
3,1395,180,2,920
4,1395,226,1,680
1,1396,57,1,2000
2,1396,181,1,2200
1,1397,127,2,470
2,1397,139,1,3000
3,1397,7,1,4000
4,1397,249,1,750
5,1397,78,2,648
1,1398,69,2,417
2,1398,53,1,750
1,1399,210,2,1549
2,1399,224,1,480
3,1399,127,2,470
4,1399,28,1,2500
1,1400,24,2,550
2,1400,217,2,910
3,1400,275,1,230
4,1400,90,1,210
1,1401,112,1,380
2,1401,230,1,430
3,1401,254,2,750
1,1402,189,2,2800
2,1402,28,2,2500
3,1402,203,1,5000
4,1402,273,1,290
1,1403,93,2,210
1,1404,112,2,380
2,1404,220,1,270
3,1404,193,2,2800
1,1405,162,2,3000
1,1406,230,2,430
2,1406,113,1,490
1,1407,300,1,800
2,1407,36,2,833
3,1407,266,1,400
4,1407,35,1,833
1,1408,23,2,300
2,1408,166,1,750
3,1408,114,1,580
4,1408,137,2,2599
1,1409,301,2,900
2,1409,170,1,1300
3,1409,171,2,3200
4,1409,265,1,290
5,1409,222,1,270
1,1410,205,2,5000
2,1410,203,2,5000
3,1410,304,1,680
1,1411,9,1,3000
2,1411,308,2,750
1,1412,180,2,920
2,1412,43,1,5300
3,1412,109,2,417
1,1413,297,2,280
1,1414,162,2,3000
2,1414,292,2,370
1,1415,31,2,1633
2,1415,17,1,429
3,1415,264,2,250
4,1415,245,1,660
1,1416,194,1,3500
2,1416,242,2,700
3,1416,92,2,210
1,1417,219,2,640
1,1418,120,2,2500
2,1418,243,2,680
1,1419,124,1,1499
2,1419,235,2,900
3,1419,234,1,900
1,1420,197,1,2300
2,1420,194,2,3500
3,1420,128,1,1899
1,1421,298,2,280
1,1422,80,2,762
2,1422,180,2,920
3,1422,243,1,680
1,1423,249,1,750
2,1423,71,1,417
3,1423,302,1,450
4,1423,113,2,490
1,1424,140,2,5000
1,1425,227,2,320
2,1425,263,1,90
3,1425,93,1,210
4,1425,54,2,3200
5,1425,145,2,1800
1,1426,215,1,750
2,1426,20,2,600
3,1426,281,1,320
1,1427,230,2,430
2,1427,139,1,3000
3,1427,164,2,1549
1,1428,216,2,900
2,1428,126,1,470
3,1428,187,2,2800
4,1428,28,1,2500
5,1428,194,2,3500
1,1429,70,2,660
1,1430,221,1,320
2,1430,281,1,320
1,1431,207,1,4000
2,1431,53,1,750
3,1431,252,1,3000
4,1431,254,1,750
1,1432,161,1,1899
1,1433,264,1,250
1,1434,229,2,430
2,1434,198,1,3000
3,1434,286,2,280
4,1434,61,2,5000
1,1435,141,2,1600
2,1435,29,1,1000
3,1435,60,1,1560
4,1435,260,1,800
1,1436,244,2,560
1,1437,141,2,1600
1,1438,225,1,960
2,1438,140,1,5000
3,1438,81,2,1100
4,1438,137,1,2599
5,1438,190,2,2800
1,1439,42,1,2300
2,1439,263,1,90
3,1439,102,2,490
4,1439,149,1,7500
1,1440,116,2,750
2,1440,109,1,417
3,1440,186,1,4500
4,1440,178,2,750
5,1440,67,2,251
1,1441,6,1,470
2,1441,242,2,700
3,1441,46,1,1410
1,1442,160,1,4500
2,1442,220,1,270
3,1442,271,2,210
1,1443,160,1,4500
2,1443,57,1,2000
3,1443,101,2,340
1,1444,90,1,210
2,1444,128,2,1899
1,1445,219,2,640
2,1445,52,1,876
3,1445,123,2,1000
1,1446,227,1,320
2,1446,233,2,640
3,1446,234,2,900
1,1447,148,1,5500
1,1448,239,1,750
1,1449,159,1,2300
2,1449,55,1,2700
3,1449,260,2,800
4,1449,252,2,3000
5,1449,14,2,270
1,1450,98,1,490
2,1450,173,2,3200
3,1450,299,1,560
4,1450,209,2,3000
5,1450,235,2,900
1,1451,117,1,1470
1,1452,99,2,300
2,1452,234,1,900
3,1452,86,2,150
4,1452,109,2,417
1,1453,89,2,210
1,1454,283,1,320
2,1454,35,2,833
3,1454,124,1,1499
4,1454,38,2,550
1,1455,101,2,340
2,1455,254,1,750
1,1456,193,2,2800
2,1456,246,1,640
3,1456,268,2,160
4,1456,272,1,290
5,1456,126,1,470
1,1457,113,1,490
2,1457,111,1,471
3,1457,268,1,160
4,1457,152,2,2500
1,1458,295,2,320
2,1458,105,1,534
3,1458,12,1,550
4,1458,78,2,648
1,1459,258,1,1260
1,1460,201,1,4500
2,1460,76,1,300
3,1460,167,1,750
4,1460,7,2,4000
5,1460,123,2,1000
1,1461,48,1,1500
2,1461,242,2,700
1,1462,263,1,90
2,1462,25,1,500
3,1462,223,1,530
4,1462,294,1,370
5,1462,251,1,3000
1,1463,51,2,6500
2,1463,168,1,1549
1,1464,109,2,417
2,1464,124,1,1499
3,1464,165,2,2500
4,1464,151,2,1550
1,1465,70,2,660
1,1466,310,2,900
2,1466,251,1,3000
3,1466,163,2,1349
4,1466,39,2,1500
1,1467,18,1,449
2,1467,115,1,3200
3,1467,278,2,370
1,1468,269,1,200
2,1468,58,1,5000
3,1468,50,2,6000
1,1469,77,2,800
2,1469,237,2,850
3,1469,182,1,2500
4,1469,100,2,490
1,1470,110,2,471
2,1470,287,1,280
3,1470,252,2,3000
1,1471,59,2,2600
2,1471,136,1,1800
1,1472,84,1,110
2,1472,300,1,800
1,1473,84,2,110
2,1473,102,1,490
1,1474,301,1,900
2,1474,123,1,1000
1,1475,306,2,900
2,1475,261,2,900
3,1475,161,2,1899
4,1475,248,2,600
1,1476,142,2,3200
2,1476,91,2,350
3,1476,43,1,5300
4,1476,191,1,2800
5,1476,265,2,290
1,1477,210,2,1549
1,1478,100,2,490
2,1478,123,1,1000
1,1479,252,1,3000
2,1479,256,1,900
1,1480,308,2,750
2,1480,82,2,660
3,1480,92,2,210
4,1480,225,2,960
1,1481,53,2,750
2,1481,130,1,920
1,1482,48,1,1500
2,1482,113,1,490
3,1482,58,2,5000
4,1482,40,1,5000
5,1482,205,2,5000
1,1483,280,1,490
2,1483,226,2,680
1,1484,295,2,320
2,1484,49,2,3500
3,1484,304,2,680
1,1485,122,2,2500
2,1485,276,1,320
1,1486,60,2,1560
2,1486,98,1,490
3,1486,113,1,490
4,1486,269,1,200
1,1487,160,1,4500
2,1487,151,2,1550
3,1487,198,1,3000
4,1487,196,1,2300
5,1487,96,2,350
1,1488,42,1,2300
2,1488,122,1,2500
1,1489,198,1,3000
2,1489,282,2,280
3,1489,52,1,876
1,1490,99,1,300
2,1490,254,1,750
3,1490,218,1,320
1,1491,95,2,300
2,1491,302,1,450
3,1491,60,2,1560
4,1491,139,2,3000
1,1492,37,2,380
1,1493,230,1,430
1,1494,230,2,430
2,1494,178,2,750
3,1494,264,2,250
1,1495,292,2,370
2,1495,308,2,750
3,1495,137,1,2599
1,1496,248,1,600
2,1496,214,1,900
3,1496,224,2,480
4,1496,302,1,450
5,1496,225,2,960
1,1497,141,2,1600
2,1497,198,2,3000
3,1497,204,2,3600
1,1498,172,1,3200
2,1498,260,2,800
1,1499,110,1,471
2,1499,208,1,1800
3,1499,268,2,160
4,1499,2,1,750
5,1499,171,2,3200
1,1500,41,2,1470
2,1500,293,1,320
1,1501,248,1,600
2,1501,219,1,640
3,1501,15,1,530
4,1501,67,1,251
5,1501,210,1,1549
1,1502,231,2,530
2,1502,19,2,449
3,1502,26,2,600
4,1502,268,1,160
5,1502,255,1,900
1,1503,217,1,910
2,1503,302,2,450
1,1504,276,1,320
1,1505,223,2,530
2,1505,24,2,550
3,1505,43,2,5300
1,1506,184,1,3500
2,1506,153,2,5000
3,1506,149,2,7500
1,1507,39,2,1500
2,1507,11,2,1681
3,1507,259,1,1200
4,1507,281,1,320
5,1507,293,2,320
1,1508,37,1,380
2,1508,109,1,417
3,1508,52,2,876
4,1508,88,1,190
1,1509,215,2,750
1,1510,142,2,3200
2,1510,68,1,450
3,1510,251,2,3000
4,1510,220,2,270
5,1510,137,1,2599
1,1511,144,2,1550
2,1511,288,1,390
3,1511,17,2,429
4,1511,41,1,1470
5,1511,124,2,1499
1,1512,217,1,910
1,1513,166,1,750
2,1513,61,2,5000
3,1513,159,2,2300
1,1514,240,2,900
2,1514,203,2,5000
1,1515,27,2,1000
2,1515,202,2,3500
3,1515,310,2,900
4,1515,40,1,5000
5,1515,158,2,960
1,1516,172,2,3200
2,1516,253,1,2600
3,1516,196,2,2300
4,1516,259,2,1200
5,1516,271,2,210
1,1517,303,2,2600
2,1517,226,2,680
1,1518,304,2,680
2,1518,182,2,2500
3,1518,252,2,3000
1,1519,150,1,4500
2,1519,85,2,330
3,1519,124,2,1499
4,1519,65,1,347
5,1519,265,2,290
1,1520,186,1,4500
2,1520,188,2,3500
3,1520,310,2,900
4,1520,263,2,90
1,1521,100,1,490
2,1521,314,2,680
3,1521,123,1,1000
4,1521,135,2,1500
1,1522,95,1,300
2,1522,141,1,1600
3,1522,117,1,1470
1,1523,311,2,750
1,1524,168,1,1549
2,1524,295,2,320
3,1524,313,1,450
4,1524,252,2,3000
1,1525,156,1,6500
2,1525,163,2,1349
3,1525,193,1,2800
1,1526,151,1,1550
2,1526,56,1,5500
3,1526,238,1,750
4,1526,243,1,680
1,1527,33,1,470
2,1527,103,1,552
3,1527,57,2,2000
1,1528,229,2,430
1,1529,23,1,300
2,1529,50,2,6000
1,1530,213,2,270
2,1530,116,1,750
1,1531,128,1,1899
1,1532,209,2,3000
1,1533,274,2,230
2,1533,78,1,648
3,1533,96,1,350
4,1533,235,2,900
5,1533,51,1,6500
1,1534,194,1,3500
2,1534,117,1,1470
3,1534,269,2,200
4,1534,172,2,3200
1,1535,92,1,210
2,1535,75,2,600
1,1536,183,1,2200
2,1536,185,2,2800
3,1536,196,2,2300
1,1537,237,2,850
1,1538,206,1,3300
2,1538,46,2,1410
3,1538,117,1,1470
4,1538,197,1,2300
5,1538,306,2,900
1,1539,6,2,470
2,1539,12,2,550
1,1540,71,2,417
2,1540,236,1,750
3,1540,224,1,480
4,1540,177,2,5500
5,1540,78,1,648
1,1541,155,2,12000
2,1541,248,2,600
3,1541,142,2,3200
4,1541,17,1,429
5,1541,86,2,150
1,1542,79,1,403
2,1542,122,2,2500
3,1542,184,2,3500
4,1542,37,2,380
5,1542,297,1,280
1,1543,108,2,450
2,1543,93,1,210
3,1543,158,2,960
4,1543,97,2,350
5,1543,136,1,1800
1,1544,194,2,3500
2,1544,107,2,417
1,1545,45,1,870
1,1546,156,1,6500
2,1546,185,2,2800
3,1546,215,1,750
4,1546,25,1,500
1,1547,106,2,450
2,1547,204,1,3600
1,1548,32,1,470
2,1548,202,1,3500
3,1548,62,2,3500
1,1549,158,1,960
2,1549,119,1,470
3,1549,249,2,750
4,1549,242,2,700
1,1550,315,2,560
2,1550,245,1,660
3,1550,185,2,2800
4,1550,148,1,5500
5,1550,86,2,150
1,1551,207,2,4000
1,1552,197,1,2300
2,1552,41,2,1470
1,1553,102,1,490
2,1553,12,1,550
3,1553,251,1,3000
4,1553,89,1,210
1,1554,166,1,750
2,1554,285,1,280
1,1555,24,2,550
2,1555,156,1,6500
3,1555,126,1,470
4,1555,128,2,1899
5,1555,174,1,3200
1,1556,49,2,3500
2,1556,82,1,660
3,1556,265,1,290
4,1556,119,2,470
5,1556,235,2,900
1,1557,163,2,1349
1,1558,46,2,1410
2,1558,123,1,1000
3,1558,4,1,2900
4,1558,55,1,2700
5,1558,253,1,2600
1,1559,101,2,340
2,1559,18,1,449
3,1559,54,2,3200
4,1559,221,1,320
1,1560,118,2,1000
2,1560,41,1,1470
1,1561,181,2,2200
2,1561,297,2,280
1,1562,54,1,3200
2,1562,66,1,251
3,1562,115,2,3200
1,1563,188,1,3500
1,1564,309,1,900
2,1564,14,1,270
1,1565,37,1,380
2,1565,92,1,210
3,1565,261,1,900
4,1565,95,1,300
5,1565,226,2,680
1,1566,179,1,920
2,1566,61,2,5000
1,1567,279,1,320
1,1568,146,1,5000
2,1568,105,1,534
3,1568,301,1,900
1,1569,252,1,3000
1,1570,155,1,12000
1,1571,312,2,700
2,1571,212,1,560
3,1571,20,2,600
1,1572,216,2,900
2,1572,198,1,3000
3,1572,115,1,3200
4,1572,304,2,680
1,1573,9,1,3000
2,1573,129,1,920
3,1573,15,2,530
4,1573,216,2,900
5,1573,263,2,90
1,1574,127,1,470
1,1575,44,1,540
2,1575,207,2,4000
3,1575,213,1,270
4,1575,126,2,470
5,1575,92,2,210
1,1576,69,1,417
2,1576,293,1,320
3,1576,202,2,3500
1,1577,298,2,280
2,1577,111,2,471
3,1577,300,2,800
4,1577,131,2,2599
5,1577,282,2,280
1,1578,204,2,3600
2,1578,310,1,900
3,1578,241,2,750
1,1579,49,1,3500
2,1579,214,1,900
3,1579,286,1,280
4,1579,65,2,347
1,1580,119,2,470
2,1580,86,2,150
1,1581,64,1,490
2,1581,272,1,290
1,1582,75,1,600
2,1582,133,2,1500
1,1583,15,1,530
2,1583,265,2,290
1,1584,45,2,870
2,1584,216,2,900
3,1584,43,1,5300
4,1584,187,1,2800
5,1584,147,2,1800
1,1585,313,1,450
2,1585,106,2,450
3,1585,207,2,4000
4,1585,95,1,300
5,1585,191,1,2800
1,1586,22,2,270
2,1586,277,1,370
3,1586,295,1,320
4,1586,173,1,3200
5,1586,36,1,833
1,1587,104,1,482
2,1587,63,2,3500
3,1587,78,2,648
4,1587,300,2,800
1,1588,93,2,210
1,1589,246,2,640
2,1589,260,1,800
3,1589,28,2,2500
1,1590,175,2,3200
2,1590,248,1,600
3,1590,23,1,300
1,1591,286,2,280
2,1591,126,2,470
3,1591,97,2,350
4,1591,138,2,2250
5,1591,265,1,290
1,1592,211,2,1549
2,1592,159,1,2300
3,1592,40,2,5000
4,1592,9,1,3000
5,1592,271,2,210
1,1593,97,2,350
2,1593,34,1,470
3,1593,190,2,2800
4,1593,107,1,417
5,1593,169,2,6500
1,1594,79,2,403
2,1594,105,1,534
1,1595,112,1,380
1,1596,91,1,350
2,1596,18,1,449
1,1597,176,1,3200
2,1597,59,1,2600
1,1598,247,1,600
2,1598,49,2,3500
3,1598,88,1,190
1,1599,104,2,482
1,1600,146,1,5000
2,1600,295,1,320
3,1600,36,1,833
1,1601,114,2,580
2,1601,10,1,1549
3,1601,220,2,270
4,1601,7,2,4000
5,1601,180,1,920
1,1602,71,2,417
2,1602,37,1,380
3,1602,275,2,230
4,1602,257,2,900
1,1603,275,2,230
1,1604,271,1,210
1,1605,72,1,620
2,1605,186,1,4500
3,1605,132,2,1500
4,1605,301,1,900
5,1605,29,1,1000
1,1606,245,1,660
2,1606,271,1,210
1,1607,29,1,1000
1,1608,231,2,530
1,1609,96,1,350
2,1609,238,2,750
3,1609,228,2,320
4,1609,105,1,534
1,1610,36,1,833
2,1610,173,2,3200
1,1611,191,1,2800
2,1611,171,2,3200
3,1611,236,1,750
1,1612,242,1,700
2,1612,289,2,320
3,1612,101,2,340
4,1612,293,2,320
5,1612,60,1,1560
1,1613,153,1,5000
2,1613,283,2,320
1,1614,124,1,1499
2,1614,159,2,2300
3,1614,213,2,270
1,1615,197,2,2300
2,1615,214,1,900
3,1615,182,1,2500
