id,customer_id,store_id,staff_id,order_date,status
1,259,1,2,01-01-2016,4
2,1212,2,6,01-01-2016,4
3,523,2,7,01-02-2016,4
4,175,1,3,01-03-2016,4
5,1324,2,6,01-03-2016,4
6,94,2,6,01-04-2016,4
7,324,2,6,01-04-2016,4
8,1204,2,7,01-04-2016,4
9,60,1,2,01-05-2016,4
10,442,2,6,01-05-2016,4
11,1326,2,7,01-05-2016,4
12,91,1,2,01-06-2016,4
13,873,2,6,01-08-2016,4
14,258,1,3,01-09-2016,4
15,450,2,7,01-09-2016,4
16,552,1,3,01-12-2016,4
17,1175,1,3,01-12-2016,4
18,541,1,3,01-14-2016,4
19,696,1,2,01-14-2016,4
20,923,1,2,01-14-2016,4
21,1250,2,6,01-15-2016,4
22,1035,1,2,01-16-2016,4
23,1149,1,2,01-16-2016,4
24,636,2,7,01-18-2016,4
25,657,2,6,01-18-2016,4
26,1280,2,7,01-18-2016,4
27,57,2,7,01-19-2016,4
28,252,2,6,01-19-2016,4
29,437,2,6,01-20-2016,4
30,1348,2,6,01-20-2016,4
31,1238,3,8,01-20-2016,4
32,1259,1,3,01-21-2016,4
33,236,2,6,01-21-2016,4
34,80,2,6,01-22-2016,4
35,813,2,7,01-22-2016,4
36,1321,2,6,01-23-2016,4
37,164,2,6,01-25-2016,4
38,583,2,7,01-25-2016,4
39,1296,2,7,01-25-2016,4
40,348,1,3,01-27-2016,4
41,979,2,6,01-27-2016,4
42,1095,2,7,01-27-2016,4
43,1434,2,7,01-27-2016,4
44,861,2,7,01-28-2016,4
45,1220,2,7,01-28-2016,4
46,746,2,7,01-29-2016,4
47,1234,2,7,01-29-2016,4
48,1012,2,7,01-30-2016,4
49,608,2,6,01-31-2016,4
50,872,3,8,01-31-2016,4
51,1047,2,7,02-01-2016,4
52,767,1,2,02-03-2016,4
53,965,2,6,02-03-2016,4
54,535,2,7,02-04-2016,4
55,1173,2,6,02-04-2016,4
56,1241,2,6,02-04-2016,4
57,1305,2,7,02-04-2016,4
58,504,2,6,02-05-2016,4
59,563,2,7,02-05-2016,4
60,151,1,3,02-06-2016,4
61,277,2,7,02-06-2016,4
62,208,1,2,02-07-2016,4
63,1075,2,7,02-07-2016,4
64,1185,2,6,02-07-2016,4
65,996,2,6,02-08-2016,4
66,1253,2,7,02-09-2016,4
67,526,3,8,02-09-2016,4
68,381,2,6,02-10-2016,4
69,1413,2,7,02-10-2016,4
70,50,3,9,02-11-2016,3
71,797,2,7,02-11-2016,4
72,1386,1,2,02-12-2016,4
73,612,2,7,02-12-2016,4
74,264,2,7,02-13-2016,4
75,587,2,6,02-14-2016,4
76,9,2,6,02-16-2016,3
77,385,1,2,02-16-2016,4
78,1182,2,7,02-16-2016,4
79,529,1,3,02-17-2016,4
80,397,2,6,02-17-2016,4
81,521,2,6,02-17-2016,4
82,1223,2,6,02-18-2016,4
83,393,1,3,02-19-2016,4
84,317,2,7,02-20-2016,4
85,1174,2,7,02-20-2016,4
86,276,2,7,02-21-2016,4
87,516,2,6,02-21-2016,4
88,1069,2,6,02-21-2016,4
89,668,3,8,02-21-2016,4
90,414,2,7,02-23-2016,4
91,648,1,2,02-25-2016,4
92,1309,2,7,02-25-2016,4
93,1328,1,3,02-26-2016,4
94,929,1,2,02-27-2016,4
95,218,2,7,02-27-2016,4
96,1094,2,7,02-27-2016,4
97,204,2,7,02-28-2016,4
98,1194,2,6,02-28-2016,4
99,1165,3,9,02-29-2016,4
100,1237,2,7,03-01-2016,4
101,271,3,8,03-01-2016,4
102,336,2,7,03-02-2016,4
103,991,1,2,03-03-2016,4
104,7,2,7,03-03-2016,4
105,306,2,7,03-03-2016,4
106,422,3,9,03-04-2016,4
107,633,1,2,03-06-2016,4
108,12,2,6,03-06-2016,4
109,1255,2,6,03-06-2016,4
110,677,3,9,03-06-2016,4
111,630,2,6,03-07-2016,4
112,469,2,6,03-08-2016,4
113,1078,2,6,03-08-2016,4
114,1431,2,7,03-08-2016,4
115,1369,2,7,03-09-2016,4
116,471,2,7,03-10-2016,4
117,740,2,6,03-10-2016,4
118,577,1,2,03-12-2016,4
119,925,2,7,03-12-2016,4
120,327,2,7,03-14-2016,4
121,755,2,6,03-14-2016,4
122,786,2,6,03-14-2016,4
123,766,2,6,03-15-2016,4
124,403,1,3,03-16-2016,4
125,685,2,6,03-16-2016,4
126,1365,2,7,03-16-2016,4
127,484,3,8,03-17-2016,4
128,86,2,6,03-18-2016,4
129,84,2,7,03-19-2016,4
130,1049,2,6,03-19-2016,4
131,316,3,8,03-19-2016,4
132,46,1,3,03-20-2016,4
133,409,2,7,03-20-2016,4
134,679,2,7,03-20-2016,4
135,1354,2,7,03-21-2016,4
136,1192,3,8,03-21-2016,4
137,370,2,7,03-23-2016,4
138,438,2,7,03-23-2016,4
139,710,2,7,03-23-2016,4
140,1264,2,7,03-23-2016,4
141,557,2,7,03-25-2016,4
142,170,1,3,03-26-2016,4
143,693,2,7,03-26-2016,4
144,1124,2,7,03-26-2016,4
145,366,2,6,03-27-2016,4
146,288,1,3,03-28-2016,4
147,55,2,7,03-28-2016,4
148,714,2,6,03-28-2016,4
149,763,2,6,03-28-2016,4
150,332,1,2,03-29-2016,4
151,926,1,2,03-29-2016,4
152,76,2,6,03-29-2016,4
153,498,2,6,03-30-2016,4
154,1286,1,2,03-31-2016,4
155,371,2,6,04-02-2016,4
156,357,1,3,04-03-2016,4
157,43,3,8,04-03-2016,4
158,117,3,9,04-04-2016,3
159,32,1,2,04-04-2016,4
160,205,2,7,04-04-2016,4
161,251,2,7,04-04-2016,4
162,31,1,3,04-06-2016,4
163,1325,2,7,04-06-2016,4
164,610,2,7,04-07-2016,4
165,574,1,3,04-08-2016,4
166,338,2,6,04-08-2016,4
167,1034,2,7,04-08-2016,4
168,1147,1,3,04-09-2016,4
169,99,2,7,04-10-2016,4
170,1200,2,7,04-10-2016,4
171,237,1,3,04-11-2016,4
172,1079,2,7,04-11-2016,4
173,117,3,8,04-11-2016,4
174,1361,2,7,04-12-2016,4
175,951,2,6,04-13-2016,4
176,643,2,7,04-15-2016,4
177,121,1,2,04-16-2016,4
178,756,2,6,04-16-2016,4
179,616,2,6,04-17-2016,4
180,918,2,7,04-17-2016,4
181,459,1,3,04-18-2016,4
182,854,2,6,04-18-2016,4
183,22,2,7,04-19-2016,4
184,134,2,7,04-19-2016,4
185,24,1,2,04-20-2016,3
186,1127,2,6,04-21-2016,4
187,183,2,6,04-22-2016,4
188,390,2,6,04-22-2016,4
189,1288,1,2,04-23-2016,4
190,98,2,6,04-23-2016,4
191,919,1,2,04-27-2016,4
192,728,2,7,04-27-2016,4
193,1366,1,3,04-28-2016,4
194,558,2,7,04-28-2016,4
195,727,2,7,04-28-2016,4
196,1247,2,6,04-28-2016,4
197,127,2,7,04-30-2016,4
198,640,2,6,05-01-2016,4
199,760,2,7,05-01-2016,4
200,1074,2,6,05-01-2016,4
201,280,3,9,05-01-2016,4
202,600,1,2,05-03-2016,4
203,1102,3,9,05-03-2016,4
204,591,2,7,05-04-2016,4
205,635,2,6,05-04-2016,4
206,743,3,9,05-04-2016,4
207,105,2,7,05-05-2016,4
208,815,2,7,05-06-2016,4
209,514,2,6,05-07-2016,4
210,943,2,6,05-07-2016,4
211,1140,2,6,05-07-2016,4
212,1373,2,6,05-08-2016,4
213,788,3,8,05-08-2016,4
214,363,2,6,05-10-2016,4
215,1420,2,7,05-10-2016,4
216,267,1,3,05-11-2016,4
217,716,2,7,05-11-2016,4
218,1179,2,7,05-12-2016,4
219,1338,2,6,05-12-2016,4
220,1358,2,6,05-12-2016,4
221,1218,1,2,05-13-2016,4
222,51,2,6,05-13-2016,4
223,1368,2,7,05-15-2016,4
224,157,1,3,05-17-2016,4
225,307,1,3,05-17-2016,4
226,501,1,2,05-17-2016,4
227,489,2,7,05-17-2016,4
228,615,2,7,05-17-2016,4
229,742,2,6,05-19-2016,4
230,1167,2,6,05-19-2016,4
231,1257,2,6,05-19-2016,4
232,1360,1,3,05-20-2016,4
233,737,2,6,05-21-2016,4
234,1435,2,6,05-22-2016,4
235,649,2,6,05-24-2016,4
236,206,2,6,05-25-2016,4
237,1351,2,7,05-25-2016,4
238,1350,2,6,05-26-2016,4
239,13,3,9,05-27-2016,3
240,65,2,6,05-27-2016,4
241,1082,2,7,05-27-2016,4
242,1168,2,7,05-27-2016,4
243,802,3,8,05-27-2016,4
244,956,2,6,05-28-2016,4
245,223,2,7,05-29-2016,4
246,17,2,6,05-30-2016,3
247,928,1,3,05-30-2016,4
248,1376,2,7,05-30-2016,4
249,145,2,6,06-01-2016,4
250,150,2,7,06-01-2016,4
251,851,2,7,06-01-2016,4
252,66,3,8,06-01-2016,4
253,1267,2,6,06-02-2016,4
254,510,2,7,06-03-2016,4
255,801,2,7,06-03-2016,4
256,26,2,7,06-04-2016,4
257,1314,1,3,06-05-2016,4
258,107,2,7,06-06-2016,4
259,413,2,7,06-06-2016,4
260,632,2,6,06-06-2016,4
261,1045,1,2,06-08-2016,4
262,579,3,9,06-08-2016,4
263,1322,2,6,06-09-2016,4
264,5,1,3,06-10-2016,3
265,682,2,7,06-10-2016,4
266,933,2,7,06-10-2016,4
267,282,1,3,06-11-2016,4
268,540,1,3,06-11-2016,4
269,764,2,6,06-12-2016,4
270,879,2,7,06-12-2016,4
271,350,2,7,06-13-2016,4
272,497,2,7,06-15-2016,4
273,1340,2,7,06-16-2016,4
274,411,2,7,06-17-2016,4
275,1341,2,7,06-17-2016,4
276,1227,2,6,06-18-2016,4
277,546,2,7,06-19-2016,4
278,1301,1,3,06-20-2016,4
279,378,2,6,06-21-2016,4
280,638,2,7,06-21-2016,4
281,800,2,7,06-21-2016,4
282,159,3,9,06-22-2016,4
283,181,1,2,06-23-2016,4
284,1356,2,7,06-23-2016,4
285,319,1,2,06-25-2016,4
286,59,2,6,06-25-2016,4
287,133,2,6,06-25-2016,4
288,780,2,6,06-25-2016,4
289,849,2,6,06-27-2016,4
290,202,2,6,06-28-2016,4
291,158,2,6,06-29-2016,4
292,360,3,9,06-29-2016,4
293,573,2,7,06-30-2016,4
294,732,2,7,07-01-2016,4
295,1130,2,7,07-01-2016,4
296,1245,2,6,07-04-2016,4
297,1425,2,7,07-04-2016,4
298,885,3,9,07-04-2016,4
299,281,2,6,07-05-2016,4
300,1205,2,6,07-05-2016,4
301,17,2,6,07-06-2016,4
302,1375,2,6,07-06-2016,4
303,36,2,7,07-07-2016,4
304,230,2,6,07-07-2016,4
305,705,2,7,07-07-2016,4
306,424,2,7,07-09-2016,4
307,695,2,6,07-09-2016,4
308,156,2,6,07-11-2016,4
309,211,2,6,07-11-2016,4
310,627,1,2,07-12-2016,4
311,1400,2,6,07-12-2016,4
312,299,2,6,07-13-2016,4
313,565,3,9,07-14-2016,4
314,1019,2,7,07-15-2016,4
315,1263,2,6,07-16-2016,4
316,670,2,7,07-17-2016,4
317,795,2,7,07-17-2016,4
318,1141,2,7,07-17-2016,4
319,941,2,6,07-18-2016,4
320,1428,1,2,07-19-2016,4
321,568,2,6,07-19-2016,4
322,924,2,6,07-19-2016,4
323,1243,2,6,07-19-2016,4
324,480,2,6,07-20-2016,4
325,848,2,6,07-20-2016,4
326,1337,3,9,07-20-2016,4
327,83,2,6,07-21-2016,4
328,528,2,6,07-23-2016,4
329,274,2,6,07-24-2016,4
330,622,2,6,07-24-2016,4
331,642,2,6,07-24-2016,4
332,659,2,7,07-24-2016,4
333,779,2,6,07-25-2016,4
334,1112,2,7,07-25-2016,4
335,1193,2,6,07-25-2016,4
336,1030,2,7,07-26-2016,4
337,1252,2,7,07-26-2016,4
338,1333,1,3,07-28-2016,4
339,1110,2,7,07-28-2016,4
340,963,2,7,07-29-2016,4
341,1357,1,3,07-31-2016,4
342,806,2,7,07-31-2016,4
343,961,2,7,07-31-2016,4
344,750,2,6,08-01-2016,4
345,1299,2,6,08-01-2016,4
346,584,3,9,08-01-2016,4
347,1004,2,6,08-02-2016,4
348,907,3,9,08-02-2016,4
349,30,1,3,08-03-2016,3
350,31,1,3,08-03-2016,3
351,1307,1,2,08-03-2016,4
352,16,2,7,08-03-2016,4
353,1387,2,7,08-03-2016,4
354,551,3,8,08-03-2016,4
355,1011,3,8,08-03-2016,4
356,1189,2,6,08-04-2016,4
357,14,3,8,08-05-2016,3
358,1042,2,7,08-05-2016,4
359,441,2,7,08-07-2016,4
360,1300,2,6,08-07-2016,4
361,994,2,6,08-08-2016,4
362,187,1,2,08-09-2016,4
363,834,3,8,08-11-2016,4
364,373,2,6,08-12-2016,4
365,981,2,6,08-13-2016,4
366,1054,3,9,08-13-2016,4
367,527,2,7,08-14-2016,4
368,995,2,7,08-14-2016,4
369,1285,1,3,08-15-2016,4
370,758,2,7,08-15-2016,4
371,891,2,7,08-15-2016,4
372,132,2,6,08-16-2016,4
373,337,2,7,08-16-2016,4
374,1313,1,2,08-17-2016,4
375,536,2,7,08-17-2016,4
376,825,2,6,08-17-2016,4
377,1355,2,6,08-17-2016,4
378,475,3,9,08-17-2016,4
379,954,2,7,08-18-2016,4
380,1156,2,7,08-19-2016,4
381,1297,2,7,08-19-2016,4
382,199,2,6,08-20-2016,4
383,331,2,7,08-20-2016,4
384,410,2,7,08-20-2016,4
385,1274,2,7,08-20-2016,4
386,1362,2,6,08-20-2016,4
387,451,3,8,08-20-2016,4
388,1080,3,8,08-21-2016,4
389,53,1,3,08-22-2016,4
390,576,3,9,08-22-2016,4
391,61,3,9,08-23-2016,3
392,176,1,3,08-23-2016,4
393,368,2,6,08-25-2016,4
394,522,1,3,08-26-2016,4
395,144,2,6,08-26-2016,4
396,542,2,6,08-27-2016,4
397,1437,2,7,08-28-2016,4
398,447,1,2,08-29-2016,4
399,1001,2,7,08-29-2016,4
400,1295,2,6,08-29-2016,4
401,103,2,6,08-30-2016,4
402,1335,2,6,08-30-2016,4
403,578,1,3,08-31-2016,4
404,396,2,7,08-31-2016,4
405,603,2,6,08-31-2016,4
406,1380,2,7,08-31-2016,4
407,77,3,8,09-01-2016,3
408,1071,1,2,09-01-2016,4
409,416,2,7,09-01-2016,4
410,1151,2,6,09-01-2016,4
411,261,1,3,09-02-2016,4
412,1202,1,3,09-02-2016,4
413,717,2,6,09-02-2016,4
414,917,2,7,09-03-2016,4
415,1265,2,7,09-03-2016,4
416,1377,2,7,09-03-2016,4
417,359,1,3,09-04-2016,4
418,88,2,6,09-04-2016,4
419,14,3,8,09-04-2016,4
420,72,1,3,09-05-2016,4
421,240,1,3,09-05-2016,4
422,398,2,6,09-06-2016,4
423,1397,2,7,09-06-2016,4
424,67,1,3,09-08-2016,4
425,843,2,6,09-08-2016,4
426,944,2,6,09-08-2016,4
427,434,1,2,09-09-2016,4
428,1039,2,6,09-09-2016,4
429,153,3,8,09-10-2016,4
430,272,2,6,09-11-2016,4
431,1217,2,6,09-11-2016,4
432,169,1,2,09-12-2016,4
433,1062,2,6,09-12-2016,4
434,726,2,6,09-13-2016,4
435,77,3,9,09-14-2016,4
436,791,2,7,09-16-2016,4
437,1085,2,7,09-16-2016,4
438,314,3,8,09-16-2016,4
439,149,2,6,09-17-2016,4
440,882,2,7,09-17-2016,4
441,704,1,2,09-18-2016,4
442,667,2,7,09-18-2016,4
443,1371,2,6,09-18-2016,4
444,30,1,2,09-19-2016,4
445,362,2,6,09-19-2016,4
446,399,2,7,09-19-2016,4
447,808,3,8,09-20-2016,4
448,101,2,6,09-21-2016,4
449,492,2,7,09-21-2016,4
450,575,2,7,09-21-2016,4
451,1146,2,7,09-21-2016,4
452,997,2,7,09-22-2016,4
453,1028,2,7,09-22-2016,4
454,988,2,6,09-23-2016,4
455,1055,2,7,09-23-2016,4
456,1061,3,9,09-23-2016,4
457,1349,1,3,09-24-2016,4
458,197,2,6,09-25-2016,4
459,874,2,6,09-25-2016,4
460,691,3,8,09-25-2016,4
461,853,2,7,09-26-2016,4
462,852,2,6,09-27-2016,4
463,964,3,8,09-27-2016,4
464,74,2,7,09-28-2016,4
465,1198,2,6,09-28-2016,4
466,1440,2,7,09-28-2016,4
467,555,3,8,09-28-2016,4
468,1261,1,3,09-29-2016,4
469,1089,2,7,09-29-2016,4
470,641,1,3,09-30-2016,4
471,697,1,3,09-30-2016,4
472,468,2,7,09-30-2016,4
473,549,2,7,09-30-2016,4
474,553,1,3,10-01-2016,4
475,241,2,7,10-01-2016,4
476,559,2,6,10-01-2016,4
477,449,1,2,10-02-2016,4
478,304,2,7,10-02-2016,4
479,984,2,6,10-03-2016,4
480,686,1,3,10-04-2016,4
481,481,3,9,10-04-2016,4
482,513,2,6,10-05-2016,4
483,703,1,2,10-06-2016,4
484,421,2,7,10-06-2016,4
485,465,2,7,10-06-2016,4
486,709,2,7,10-06-2016,4
487,827,2,6,10-06-2016,4
488,921,2,6,10-06-2016,4
489,899,3,8,10-06-2016,4
490,876,2,6,10-07-2016,4
491,1048,1,2,10-08-2016,4
492,191,1,2,10-09-2016,4
493,796,1,3,10-09-2016,4
494,875,2,6,10-09-2016,4
495,712,1,3,10-10-2016,4
496,193,2,6,10-10-2016,4
497,785,2,6,10-10-2016,4
498,1331,2,6,10-10-2016,4
499,260,1,2,10-11-2016,4
500,148,2,6,10-11-2016,4
501,977,2,7,10-11-2016,4
502,401,3,9,10-12-2016,4
503,932,2,6,10-13-2016,4
504,1381,1,2,10-14-2016,4
505,721,2,6,10-14-2016,4
506,831,2,6,10-14-2016,4
507,1378,1,3,10-15-2016,4
508,1359,2,6,10-15-2016,4
509,235,2,7,10-16-2016,4
510,586,2,7,10-17-2016,4
511,377,2,7,10-18-2016,4
512,8,2,7,10-19-2016,4
513,155,2,6,10-19-2016,4
514,927,2,7,10-19-2016,4
515,986,2,6,10-19-2016,4
516,111,2,6,10-21-2016,4
517,613,2,6,10-21-2016,4
518,1374,1,2,10-22-2016,4
519,54,2,7,10-22-2016,4
520,639,2,7,10-23-2016,4
521,664,2,6,10-23-2016,4
522,724,2,7,10-23-2016,4
523,1056,2,6,10-24-2016,4
524,569,1,2,10-25-2016,4
525,1315,1,3,10-26-2016,4
526,1096,2,6,10-26-2016,4
527,506,1,2,10-27-2016,4
528,676,2,7,10-28-2016,4
529,753,2,7,10-28-2016,4
530,773,2,6,10-28-2016,4
531,116,3,8,10-28-2016,4
532,817,2,7,10-29-2016,4
533,1334,2,6,10-29-2016,4
534,1406,2,7,10-29-2016,4
535,835,3,9,10-29-2016,4
536,759,1,3,10-31-2016,4
537,1353,1,2,10-31-2016,4
538,341,2,6,11-02-2016,4
539,1144,2,7,11-02-2016,4
540,1429,1,3,11-03-2016,4
541,1228,1,3,11-04-2016,4
542,313,2,7,11-04-2016,4
543,62,2,6,11-06-2016,4
544,321,2,7,11-06-2016,4
545,1108,3,9,11-08-2016,4
546,470,2,7,11-09-2016,4
547,20,3,8,11-09-2016,4
548,739,2,7,11-11-2016,4
549,64,3,9,11-12-2016,3
550,892,2,7,11-12-2016,4
551,1169,2,6,11-12-2016,4
552,1282,2,7,11-12-2016,4
553,913,3,9,11-12-2016,4
554,104,1,3,11-13-2016,4
555,212,2,7,11-13-2016,4
556,61,3,9,11-13-2016,4
557,1248,2,6,11-14-2016,4
558,1443,2,7,11-15-2016,4
559,959,1,2,11-16-2016,4
560,1405,2,6,11-18-2016,4
561,90,2,6,11-19-2016,4
562,942,2,7,11-19-2016,4
563,365,2,6,11-20-2016,4
564,1058,2,7,11-20-2016,4
565,894,2,7,11-21-2016,4
566,298,1,3,11-22-2016,4
567,1430,1,2,11-22-2016,4
568,1275,1,3,11-23-2016,4
569,707,2,6,11-23-2016,4
570,989,2,6,11-23-2016,4
571,5,1,2,11-24-2016,4
572,178,2,6,11-24-2016,4
573,423,2,6,11-24-2016,4
574,833,2,7,11-26-2016,4
575,33,1,3,11-27-2016,4
576,1272,1,3,11-27-2016,4
577,445,2,6,11-27-2016,4
578,819,2,7,11-27-2016,4
579,160,3,8,11-27-2016,4
580,581,1,3,11-30-2016,4
581,688,1,3,12-03-2016,4
582,32,1,2,12-04-2016,3
583,792,2,7,12-04-2016,4
584,1209,2,7,12-04-2016,4
585,1219,2,7,12-04-2016,4
586,1306,2,6,12-04-2016,4
587,487,1,2,12-06-2016,4
588,102,2,7,12-06-2016,4
589,719,2,7,12-06-2016,4
590,990,2,7,12-06-2016,4
591,1211,2,7,12-06-2016,4
592,1232,2,7,12-06-2016,4
593,50,3,8,12-07-2016,4
594,1318,3,8,12-07-2016,4
595,538,1,2,12-08-2016,4
596,952,1,3,12-08-2016,4
597,1121,2,6,12-08-2016,4
598,40,1,3,12-09-2016,3
599,1,2,6,12-09-2016,4
600,624,2,7,12-09-2016,4
601,683,2,6,12-09-2016,4
602,823,2,6,12-09-2016,4
603,1032,2,7,12-09-2016,4
604,96,2,7,12-10-2016,4
605,1208,2,6,12-10-2016,4
606,18,2,7,12-11-2016,4
607,309,2,6,12-11-2016,4
608,1103,1,3,12-12-2016,4
609,896,2,7,12-12-2016,4
610,711,2,6,12-13-2016,4
611,1073,2,7,12-15-2016,4
612,634,2,7,12-16-2016,4
613,1159,2,7,12-17-2016,4
614,654,1,2,12-18-2016,4
615,560,3,9,12-19-2016,4
616,1444,2,6,12-20-2016,4
617,118,2,7,12-21-2016,4
618,131,2,6,12-21-2016,4
619,454,2,7,12-22-2016,4
620,466,2,6,12-22-2016,4
621,1157,2,6,12-23-2016,4
622,1398,2,7,12-23-2016,4
623,678,2,6,12-24-2016,4
624,814,2,6,12-24-2016,4
625,1163,1,2,12-25-2016,4
626,130,2,7,12-25-2016,4
627,1119,2,6,12-25-2016,4
628,561,1,3,12-26-2016,4
629,973,1,2,12-26-2016,4
630,1404,2,6,12-26-2016,4
631,855,1,3,12-27-2016,4
632,163,2,7,12-27-2016,4
633,1040,3,8,12-28-2016,4
634,27,2,6,12-29-2016,4
635,520,2,6,12-30-2016,4
636,532,1,2,01-03-2017,4
637,512,2,6,01-03-2017,4
638,1302,2,7,01-04-2017,4
639,550,2,6,01-06-2017,4
640,1093,2,6,01-06-2017,4
641,673,1,3,01-07-2017,4
642,847,2,7,01-07-2017,4
643,901,1,3,01-08-2017,4
644,439,2,6,01-08-2017,4
645,1199,2,6,01-08-2017,4
646,975,1,2,01-09-2017,4
647,283,2,7,01-09-2017,4
648,684,2,6,01-09-2017,4
649,1153,1,3,01-10-2017,4
650,729,1,2,01-11-2017,4
651,190,2,7,01-11-2017,4
652,985,3,9,01-12-2017,4
653,1249,1,2,01-14-2017,4
654,1129,2,7,01-14-2017,4
655,347,1,3,01-16-2017,4
656,949,2,7,01-16-2017,4
657,349,1,2,01-17-2017,4
658,1051,2,7,01-17-2017,4
659,1391,2,7,01-17-2017,4
660,383,2,7,01-18-2017,4
661,626,2,6,01-18-2017,4
662,1125,1,3,01-19-2017,4
663,344,1,3,01-20-2017,4
664,681,2,7,01-20-2017,4
665,29,2,6,01-21-2017,4
666,770,2,7,01-21-2017,4
667,858,2,7,01-22-2017,4
668,297,3,8,01-22-2017,4
669,745,2,7,01-23-2017,4
670,361,2,6,01-24-2017,4
671,922,2,7,01-25-2017,4
672,908,2,6,01-26-2017,4
673,64,3,9,01-26-2017,4
674,733,2,6,01-27-2017,4
675,291,2,7,01-28-2017,4
676,790,2,7,01-28-2017,4
677,809,2,7,01-28-2017,4
678,250,3,9,01-28-2017,4
679,81,1,3,01-29-2017,4
680,245,1,3,01-29-2017,4
681,499,2,7,01-29-2017,4
682,614,2,6,01-29-2017,4
683,741,2,6,01-29-2017,4
684,762,2,6,01-31-2017,4
685,976,2,7,01-31-2017,4
686,380,2,7,02-01-2017,4
687,530,1,3,02-02-2017,4
688,343,2,7,02-02-2017,4
689,884,2,7,02-02-2017,4
690,1097,1,2,02-03-2017,4
691,1081,2,7,02-04-2017,4
692,2,1,3,02-05-2017,3
693,1233,1,3,02-05-2017,4
694,58,2,7,02-05-2017,4
695,606,2,7,02-05-2017,4
696,1242,2,7,02-05-2017,4
697,562,1,2,02-06-2017,4
698,543,3,8,02-06-2017,4
699,958,3,9,02-06-2017,4
700,4,2,6,02-07-2017,4
701,850,3,9,02-07-2017,4
702,1352,1,3,02-08-2017,4
703,417,2,7,02-08-2017,4
704,1137,2,6,02-08-2017,4
705,1196,2,7,02-08-2017,4
706,1271,1,2,02-09-2017,4
707,79,2,7,02-09-2017,4
708,660,1,2,02-10-2017,4
709,1162,2,6,02-11-2017,4
710,295,2,6,02-13-2017,4
711,1246,2,6,02-13-2017,4
712,173,3,9,02-13-2017,4
713,207,3,8,02-13-2017,4
714,805,2,7,02-14-2017,4
715,12,2,6,02-15-2017,3
716,672,2,6,02-15-2017,4
717,1312,2,6,02-15-2017,4
718,38,2,7,02-16-2017,4
719,200,2,6,02-16-2017,4
720,382,2,6,02-16-2017,4
721,625,2,7,02-16-2017,4
722,1399,2,7,02-18-2017,4
723,845,2,6,02-19-2017,4
724,864,2,6,02-19-2017,4
725,870,2,7,02-19-2017,4
726,969,2,6,02-19-2017,4
727,962,3,9,02-19-2017,4
728,1138,1,3,02-20-2017,4
729,897,2,7,02-20-2017,4
730,500,2,6,02-21-2017,4
731,910,3,9,02-25-2017,4
732,147,2,7,02-26-2017,4
733,832,2,7,02-26-2017,4
734,939,3,9,02-26-2017,4
735,20,3,9,02-27-2017,3
736,184,2,7,02-27-2017,4
737,694,2,6,02-27-2017,4
738,124,1,2,02-28-2017,4
739,49,2,6,02-28-2017,4
740,1113,2,6,02-28-2017,4
741,119,3,8,02-28-2017,4
742,433,3,9,02-28-2017,4
743,137,2,6,03-01-2017,4
744,166,2,7,03-01-2017,4
745,698,2,7,03-01-2017,4
746,391,1,3,03-02-2017,4
747,87,1,3,03-03-2017,4
748,1072,3,8,03-03-2017,4
749,255,2,7,03-04-2017,4
750,232,3,8,03-04-2017,4
751,731,1,3,03-05-2017,4
752,335,2,6,03-05-2017,4
753,1201,2,7,03-05-2017,4
754,646,1,2,03-06-2017,4
755,531,2,6,03-06-2017,4
756,1143,2,6,03-06-2017,4
757,1336,2,7,03-06-2017,4
758,953,3,9,03-06-2017,4
759,284,2,7,03-07-2017,4
760,1104,2,6,03-07-2017,4
761,1291,2,7,03-07-2017,4
762,572,2,6,03-08-2017,4
763,842,3,9,03-08-2017,4
764,701,1,2,03-09-2017,4
765,1152,1,2,03-09-2017,4
766,141,2,6,03-09-2017,4
767,564,2,7,03-09-2017,4
768,841,2,7,03-09-2017,4
769,946,2,6,03-09-2017,4
770,135,3,9,03-09-2017,4
771,671,1,3,03-11-2017,4
772,448,2,7,03-11-2017,4
773,1385,2,6,03-11-2017,4
774,690,2,6,03-12-2017,4
775,968,2,6,03-12-2017,4
776,490,2,6,03-13-2017,4
777,496,2,6,03-13-2017,4
778,56,3,9,03-15-2017,3
779,367,2,6,03-15-2017,4
780,592,2,6,03-15-2017,4
781,1018,2,6,03-15-2017,4
782,1298,2,7,03-15-2017,4
783,1343,1,2,03-16-2017,4
784,430,2,7,03-16-2017,4
785,794,1,2,03-18-2017,4
786,249,2,6,03-18-2017,4
787,700,3,9,03-18-2017,4
788,1363,3,9,03-18-2017,4
789,772,2,6,03-19-2017,4
790,1015,2,7,03-19-2017,4
791,432,2,6,03-20-2017,4
792,479,2,6,03-22-2017,4
793,653,2,6,03-23-2017,4
794,863,2,7,03-23-2017,4
795,992,2,7,03-23-2017,4
796,154,3,9,03-23-2017,4
797,374,2,7,03-24-2017,4
798,619,1,3,03-26-2017,4
799,607,1,3,03-27-2017,4
800,1057,2,6,03-27-2017,4
801,78,1,2,03-28-2017,4
802,340,2,6,03-28-2017,4
803,1105,3,8,03-28-2017,4
804,95,2,6,03-29-2017,4
805,420,2,6,03-29-2017,4
806,234,2,7,03-30-2017,4
807,1148,2,6,03-30-2017,4
808,315,2,6,03-31-2017,4
809,1222,2,7,03-31-2017,4
810,153,3,8,04-01-2017,3
811,524,2,7,04-01-2017,4
812,1164,2,7,04-01-2017,4
813,1203,3,9,04-01-2017,4
814,629,2,7,04-02-2017,4
815,1251,1,3,04-03-2017,4
816,811,2,6,04-03-2017,4
817,301,2,7,04-04-2017,4
818,1319,2,6,04-04-2017,4
819,221,3,9,04-04-2017,4
820,725,2,7,04-05-2017,4
821,1181,2,7,04-05-2017,4
822,294,2,7,04-06-2017,4
823,415,3,8,04-06-2017,4
824,993,1,2,04-07-2017,4
825,10,2,7,04-07-2017,4
826,45,2,6,04-07-2017,4
827,666,2,7,04-07-2017,4
828,246,2,6,04-09-2017,4
829,674,2,7,04-09-2017,4
830,431,2,6,04-11-2017,4
831,1000,2,7,04-11-2017,4
832,1215,2,7,04-11-2017,4
833,406,2,7,04-12-2017,4
834,890,2,6,04-12-2017,4
835,940,1,2,04-13-2017,4
836,455,2,6,04-13-2017,4
837,948,2,7,04-13-2017,4
838,1395,2,7,04-14-2017,4
839,1332,1,3,04-15-2017,4
840,372,2,6,04-15-2017,4
841,428,2,7,04-15-2017,4
842,1133,2,6,04-15-2017,4
843,1059,2,7,04-16-2017,4
844,1436,2,6,04-16-2017,4
845,662,2,7,04-17-2017,4
846,715,2,6,04-17-2017,4
847,329,2,7,04-18-2017,4
848,597,2,7,04-18-2017,4
849,776,1,2,04-19-2017,4
850,1346,1,3,04-19-2017,4
851,1139,2,6,04-20-2017,4
852,13,3,9,04-21-2017,4
853,883,3,8,04-21-2017,4
854,177,2,6,04-22-2017,4
855,775,2,6,04-22-2017,4
856,477,2,6,04-23-2017,4
857,1402,2,7,04-24-2017,4
858,162,2,6,04-25-2017,4
859,644,2,6,04-25-2017,4
860,473,2,7,04-27-2017,4
861,1177,2,7,04-27-2017,4
862,1230,3,8,04-27-2017,4
863,446,2,7,04-28-2017,4
864,902,2,6,04-28-2017,4
865,974,2,6,04-29-2017,4
866,1410,2,6,04-29-2017,4
867,97,1,3,05-01-2017,4
868,868,1,3,05-01-2017,4
869,844,2,7,05-01-2017,4
870,1416,2,6,05-01-2017,4
871,358,2,7,05-02-2017,4
872,394,1,3,05-03-2017,4
873,829,2,7,05-03-2017,4
874,661,2,7,05-04-2017,4
875,386,1,3,05-05-2017,4
876,1046,2,7,05-05-2017,4
877,784,2,6,05-06-2017,4
878,224,1,3,05-07-2017,4
879,214,2,7,05-08-2017,4
880,1206,2,6,05-08-2017,4
881,1024,3,9,05-08-2017,4
882,196,2,6,05-09-2017,4
883,507,2,6,05-11-2017,4
884,871,2,7,05-11-2017,4
885,66,3,8,05-13-2017,3
886,1396,1,2,05-13-2017,4
887,1195,2,6,05-13-2017,4
888,1038,2,7,05-14-2017,4
889,830,3,8,05-14-2017,4
890,171,2,6,05-15-2017,4
891,384,2,6,05-15-2017,4
892,651,2,7,05-15-2017,4
893,1293,2,7,05-16-2017,4
894,1320,2,6,05-16-2017,4
895,857,2,6,05-18-2017,4
896,376,3,9,05-19-2017,4
897,47,1,2,05-20-2017,4
898,352,2,6,05-20-2017,4
899,605,2,7,05-20-2017,4
900,971,2,6,05-20-2017,4
901,345,2,7,05-21-2017,4
902,1278,2,6,05-21-2017,4
903,179,2,7,05-22-2017,4
904,1020,1,2,05-23-2017,4
905,609,2,6,05-23-2017,4
906,877,2,7,05-23-2017,4
907,120,1,2,05-24-2017,4
908,402,2,7,05-25-2017,4
909,188,1,2,05-26-2017,4
910,342,2,7,05-26-2017,4
911,887,2,6,05-26-2017,4
912,519,1,2,05-27-2017,4
913,699,2,6,05-27-2017,4
914,1068,1,2,05-28-2017,4
915,215,2,6,05-28-2017,4
916,718,2,6,05-28-2017,4
917,881,1,2,05-29-2017,4
918,242,1,3,05-30-2017,4
919,781,2,7,05-30-2017,4
920,966,2,7,05-30-2017,4
921,628,2,6,05-31-2017,4
922,656,2,6,05-31-2017,4
923,769,2,7,05-31-2017,4
924,68,3,8,06-02-2017,3
925,1316,2,7,06-02-2017,4
926,233,1,2,06-03-2017,4
927,1438,1,2,06-03-2017,4
928,957,1,3,06-05-2017,4
929,472,2,6,06-05-2017,4
930,1224,3,9,06-05-2017,4
931,631,2,6,06-07-2017,4
932,804,2,6,06-07-2017,4
933,909,2,6,06-07-2017,4
934,93,2,7,06-09-2017,4
935,43,3,8,06-10-2017,3
936,265,2,6,06-10-2017,4
937,73,2,7,06-11-2017,4
938,129,2,6,06-11-2017,4
939,1407,2,6,06-11-2017,4
940,585,1,2,06-12-2017,4
941,736,1,2,06-12-2017,4
942,537,2,6,06-13-2017,4
943,1025,2,6,06-13-2017,4
944,138,1,3,06-14-2017,4
945,167,2,7,06-14-2017,4
946,525,2,6,06-14-2017,4
947,278,1,3,06-15-2017,4
948,618,2,6,06-15-2017,4
949,867,1,3,06-16-2017,4
950,142,2,6,06-16-2017,4
951,339,2,7,06-16-2017,4
952,355,2,7,06-16-2017,4
953,658,2,7,06-16-2017,4
954,611,2,6,06-17-2017,4
955,880,2,6,06-17-2017,4
956,1184,2,6,06-17-2017,4
957,722,3,9,06-17-2017,4
958,1276,1,2,06-18-2017,4
959,650,2,7,06-18-2017,4
960,1390,2,7,06-18-2017,4
961,82,1,2,06-19-2017,4
962,570,2,7,06-19-2017,4
963,1432,2,6,06-19-2017,4
964,404,2,7,06-20-2017,4
965,457,2,6,06-20-2017,4
966,389,3,8,06-20-2017,4
967,1323,2,6,06-21-2017,4
968,1403,2,6,06-21-2017,4
969,248,3,9,06-21-2017,4
970,836,2,7,06-22-2017,4
971,1426,3,8,06-22-2017,4
972,270,2,7,06-23-2017,4
973,238,2,6,06-24-2017,4
974,511,3,8,06-24-2017,4
975,1092,2,6,06-25-2017,4
976,1266,3,9,06-25-2017,4
977,400,2,7,06-26-2017,4
978,1123,2,6,06-26-2017,4
979,1190,2,6,06-26-2017,4
980,328,3,9,06-26-2017,4
981,687,3,8,06-26-2017,4
982,1423,3,9,06-26-2017,4
983,1158,2,6,06-27-2017,4
984,1287,2,7,06-27-2017,4
985,461,2,6,06-30-2017,4
986,556,2,7,06-30-2017,4
987,172,1,2,07-02-2017,4
988,436,2,6,07-02-2017,4
989,1145,2,6,07-02-2017,4
990,706,2,7,07-04-2017,4
991,751,1,2,07-06-2017,4
992,723,2,7,07-07-2017,4
993,1415,1,3,07-09-2017,4
994,419,2,7,07-09-2017,4
995,621,1,2,07-11-2017,4
996,915,1,2,07-11-2017,4
997,485,2,7,07-11-2017,4
998,219,2,7,07-12-2017,4
999,590,2,6,07-12-2017,4
1000,645,2,7,07-12-2017,4
1001,354,2,6,07-13-2017,4
1002,1418,1,3,07-14-2017,4
1003,503,2,7,07-14-2017,4
1004,1389,2,6,07-14-2017,4
1005,266,2,7,07-15-2017,4
1006,1070,2,7,07-15-2017,4
1007,1115,2,6,07-16-2017,4
1008,1345,2,6,07-16-2017,4
1009,1064,3,8,07-16-2017,4
1010,8,2,7,07-18-2017,3
1011,495,1,3,07-18-2017,4
1012,620,2,7,07-18-2017,4
1013,174,2,6,07-19-2017,4
1014,748,2,6,07-19-2017,4
1015,799,2,7,07-19-2017,4
1016,1417,3,9,07-19-2017,4
1017,168,2,6,07-20-2017,4
1018,290,2,6,07-22-2017,4
1019,408,2,7,07-22-2017,4
1020,16,2,6,07-23-2017,3
1021,125,2,6,07-23-2017,4
1022,353,2,7,07-23-2017,4
1023,356,2,6,07-23-2017,4
1024,837,2,7,07-23-2017,4
1025,1304,2,6,07-23-2017,4
1026,1370,1,2,07-26-2017,4
1027,588,2,6,07-26-2017,4
1028,1273,2,7,07-27-2017,4
1029,407,1,3,07-29-2017,4
1030,161,2,6,07-29-2017,4
1031,1308,1,2,07-30-2017,4
1032,429,2,6,07-30-2017,4
1033,582,2,7,07-30-2017,4
1034,895,2,7,07-30-2017,4
1035,1283,2,6,07-30-2017,4
1036,1442,2,6,07-30-2017,4
1037,1229,2,6,07-31-2017,4
1038,1281,2,7,07-31-2017,4
1039,1077,2,7,08-02-2017,4
1040,1225,1,2,08-04-2017,4
1041,70,2,7,08-04-2017,4
1042,539,2,7,08-06-2017,4
1043,1235,2,6,08-06-2017,4
1044,1270,2,7,08-07-2017,4
1045,185,3,9,08-07-2017,4
1046,1134,3,8,08-07-2017,4
1047,116,3,8,08-08-2017,3
1048,777,2,7,08-08-2017,4
1049,194,1,2,08-09-2017,4
1050,239,1,3,08-09-2017,4
1051,209,2,7,08-10-2017,4
1052,460,2,6,08-10-2017,4
1053,1439,2,6,08-10-2017,4
1054,189,2,7,08-11-2017,4
1055,140,2,6,08-12-2017,4
1056,325,2,7,08-12-2017,4
1057,456,2,7,08-12-2017,4
1058,782,2,6,08-13-2017,4
1059,6,2,7,08-14-2017,4
1060,182,2,6,08-15-2017,4
1061,655,2,7,08-15-2017,4
1062,1210,2,6,08-15-2017,4
1063,198,3,8,08-16-2017,4
1064,898,3,9,08-16-2017,4
1065,25,2,7,08-17-2017,4
1066,106,2,7,08-17-2017,4
1067,225,2,7,08-17-2017,4
1068,453,2,7,08-17-2017,4
1069,493,2,6,08-17-2017,4
1070,596,2,7,08-17-2017,4
1071,602,3,8,08-17-2017,4
1072,47,1,3,08-18-2017,3
1073,911,2,7,08-18-2017,4
1074,11,2,6,08-19-2017,3
1075,1003,1,3,08-19-2017,4
1076,42,2,6,08-19-2017,4
1077,412,2,6,08-19-2017,4
1078,793,2,6,08-19-2017,4
1079,812,2,7,08-19-2017,4
1080,1086,2,7,08-19-2017,4
1081,1106,2,6,08-19-2017,4
1082,1327,2,6,08-20-2017,4
1083,1372,2,6,08-20-2017,4
1084,2,1,2,08-21-2017,4
1085,305,1,3,08-21-2017,4
1086,220,2,7,08-21-2017,4
1087,675,3,8,08-22-2017,4
1088,1160,3,8,08-22-2017,4
1089,46,1,2,08-23-2017,3
1090,1427,1,2,08-24-2017,4
1091,1260,2,7,08-24-2017,4
1092,40,1,2,08-25-2017,4
1093,326,1,3,08-25-2017,4
1094,828,2,6,08-25-2017,4
1095,1382,3,9,08-26-2017,4
1096,589,1,2,08-27-2017,4
1097,1311,2,6,08-27-2017,4
1098,752,1,2,08-28-2017,4
1099,1128,2,6,08-28-2017,4
1100,1392,2,7,08-28-2017,4
1101,379,2,7,08-29-2017,4
1102,1317,2,6,08-29-2017,4
1103,1394,2,7,08-31-2017,4
1104,268,2,6,09-01-2017,4
1105,747,3,8,09-01-2017,4
1106,1009,2,6,09-02-2017,4
1107,1424,2,7,09-02-2017,4
1108,735,1,3,09-03-2017,4
1109,23,2,6,09-03-2017,4
1110,912,2,6,09-04-2017,4
1111,930,2,6,09-04-2017,4
1112,798,2,7,09-05-2017,4
1113,388,2,7,09-06-2017,4
1114,1036,2,6,09-06-2017,4
1115,1100,2,6,09-07-2017,4
1116,52,2,7,09-08-2017,4
1117,334,2,6,09-08-2017,4
1118,1023,2,6,09-08-2017,4
1119,749,1,2,09-10-2017,4
1120,1269,2,7,09-10-2017,4
1121,143,2,7,09-11-2017,4
1122,1132,2,6,09-12-2017,4
1123,598,2,7,09-13-2017,4
1124,275,3,9,09-13-2017,4
1125,945,2,7,09-14-2017,4
1126,1213,3,8,09-14-2017,4
1127,494,2,7,09-15-2017,4
1128,936,2,6,09-15-2017,4
1129,663,2,6,09-17-2017,4
1130,69,1,3,09-18-2017,4
1131,1178,1,3,09-18-2017,4
1132,351,2,6,09-19-2017,4
1133,517,2,7,09-19-2017,4
1134,978,2,6,09-19-2017,4
1135,1347,2,6,09-19-2017,4
1136,1050,2,6,09-20-2017,4
1137,810,3,8,09-20-2017,4
1138,254,1,2,09-21-2017,4
1139,1006,1,2,09-21-2017,4
1140,1063,3,8,09-21-2017,4
1141,1076,1,2,09-22-2017,4
1142,554,1,3,09-23-2017,4
1143,1087,1,2,09-24-2017,4
1144,1414,2,7,09-24-2017,4
1145,617,2,6,09-25-2017,4
1146,757,2,7,09-25-2017,4
1147,1344,2,6,09-25-2017,4
1148,1379,2,7,09-25-2017,4
1149,787,2,7,09-27-2017,4
1150,1183,2,7,09-28-2017,4
1151,708,1,3,09-29-2017,4
1152,1244,2,6,09-29-2017,4
1153,720,2,7,09-30-2017,4
1154,789,2,7,09-30-2017,4
1155,865,2,7,09-30-2017,4
1156,869,2,7,09-30-2017,4
1157,24,1,3,10-01-2017,4
1158,889,1,2,10-01-2017,4
1159,1221,1,3,10-01-2017,4
1160,1262,1,2,10-01-2017,4
1161,41,2,7,10-01-2017,4
1162,888,2,6,10-01-2017,4
1163,934,2,6,10-01-2017,4
1164,1067,2,6,10-01-2017,4
1165,652,2,7,10-02-2017,4
1166,286,2,7,10-03-2017,4
1167,900,1,2,10-04-2017,4
1168,1031,2,6,10-04-2017,4
1169,1421,2,7,10-04-2017,4
1170,534,2,6,10-05-2017,4
1171,826,2,6,10-05-2017,4
1172,1339,2,7,10-07-2017,4
1173,548,2,7,10-08-2017,4
1174,1109,2,6,10-08-2017,4
1175,292,2,6,10-09-2017,4
1176,1111,3,9,10-10-2017,4
1177,21,3,9,10-12-2017,3
1178,771,2,6,10-12-2017,4
1179,1150,3,9,10-12-2017,4
1180,1065,1,3,10-13-2017,4
1181,1022,2,7,10-13-2017,4
1182,1422,2,7,10-13-2017,4
1183,216,2,6,10-14-2017,4
1184,369,2,6,10-14-2017,4
1185,960,2,6,10-14-2017,4
1186,1120,2,6,10-14-2017,4
1187,486,2,6,10-15-2017,4
1188,647,2,7,10-15-2017,4
1189,1090,2,6,10-15-2017,4
1190,34,2,6,10-16-2017,4
1191,186,2,6,10-17-2017,4
1192,1114,2,6,10-17-2017,4
1193,1412,2,7,10-17-2017,4
1194,192,1,2,10-19-2017,4
1195,229,2,7,10-19-2017,4
1196,508,2,6,10-19-2017,4
1197,269,2,6,10-21-2017,4
1198,1289,2,7,10-22-2017,4
1199,318,1,2,10-23-2017,4
1200,48,2,6,10-23-2017,4
1201,201,2,6,10-23-2017,4
1202,593,2,6,10-24-2017,4
1203,1191,2,7,10-25-2017,4
1204,1277,2,6,10-25-2017,4
1205,1091,1,2,10-26-2017,4
1206,222,2,6,10-26-2017,4
1207,1002,2,6,10-26-2017,4
1208,1226,2,7,10-26-2017,4
1209,1342,2,7,10-26-2017,4
1210,730,3,8,10-26-2017,4
1211,19,2,7,10-27-2017,4
1212,213,2,6,10-27-2017,4
1213,669,3,9,10-27-2017,4
1214,783,2,6,10-28-2017,4
1215,807,2,7,10-28-2017,4
1216,886,2,7,10-28-2017,4
1217,1155,2,7,10-28-2017,4
1218,1017,1,2,10-30-2017,4
1219,840,2,7,10-30-2017,4
1220,803,2,6,10-31-2017,4
1221,1290,2,7,10-31-2017,4
1222,482,3,9,11-01-2017,4
1223,1207,2,6,11-02-2017,4
1224,544,2,6,11-03-2017,4
1225,768,1,2,11-04-2017,4
1226,226,2,7,11-04-2017,4
1227,702,2,6,11-04-2017,4
1228,1041,2,6,11-04-2017,4
1229,89,1,3,11-05-2017,4
1230,1107,2,6,11-05-2017,4
1231,1180,2,6,11-05-2017,4
1232,665,1,3,11-06-2017,4
1233,462,2,6,11-06-2017,4
1234,19,2,6,11-07-2017,3
1235,210,2,6,11-07-2017,4
1236,243,2,7,11-08-2017,4
1237,571,1,2,11-09-2017,4
1238,998,2,6,11-09-2017,4
1239,1197,2,7,11-09-2017,4
1240,903,2,7,11-10-2017,4
1241,1170,2,7,11-10-2017,4
1242,303,2,6,11-11-2017,4
1243,346,2,6,11-11-2017,4
1244,333,2,6,11-12-2017,4
1245,1166,2,7,11-13-2017,4
1246,1329,2,7,11-13-2017,4
1247,426,1,2,11-16-2017,4
1248,1367,1,3,11-16-2017,4
1249,545,2,6,11-17-2017,4
1250,1188,2,6,11-17-2017,4
1251,289,3,9,11-17-2017,4
1252,110,1,3,11-18-2017,4
1253,44,2,6,11-18-2017,4
1254,1098,2,7,11-18-2017,4
1255,375,2,6,11-19-2017,4
1256,458,2,6,11-19-2017,4
1257,1136,2,7,11-19-2017,4
1258,1099,2,7,11-20-2017,4
1259,4,2,7,11-21-2017,3
1260,1117,2,6,11-22-2017,4
1261,435,2,7,11-23-2017,4
1262,509,2,6,11-23-2017,4
1263,1408,2,6,11-23-2017,4
1264,113,2,6,11-24-2017,4
1265,950,2,7,11-24-2017,4
1266,387,2,6,11-25-2017,4
1267,467,2,6,11-25-2017,4
1268,774,1,3,11-26-2017,4
1269,1236,2,6,11-26-2017,4
1270,1388,2,6,11-26-2017,4
1271,734,2,6,11-27-2017,4
1272,935,2,6,11-27-2017,4
1273,1268,2,6,11-27-2017,4
1274,1364,2,7,11-28-2017,4
1275,165,1,2,11-29-2017,4
1276,893,2,6,11-30-2017,4
1277,227,2,6,12-01-2017,4
1278,980,2,7,12-01-2017,4
1279,1014,2,6,12-01-2017,4
1280,123,3,9,12-01-2017,4
1281,1060,2,6,12-02-2017,4
1282,320,2,6,12-03-2017,4
1283,85,2,7,12-04-2017,4
1284,128,2,7,12-04-2017,4
1285,262,2,7,12-04-2017,4
1286,1033,2,7,12-04-2017,4
1287,279,1,3,12-07-2017,4
1288,778,3,9,12-07-2017,4
1289,1292,1,3,12-08-2017,4
1290,967,2,6,12-08-2017,4
1291,1284,2,6,12-09-2017,4
1292,285,2,6,12-10-2017,4
1293,1401,2,7,12-10-2017,4
1294,947,1,2,12-11-2017,4
1295,37,2,7,12-11-2017,4
1296,231,1,3,12-14-2017,4
1297,108,2,6,12-14-2017,4
1298,533,3,9,12-14-2017,4
1299,1216,1,2,12-15-2017,4
1300,824,2,6,12-15-2017,4
1301,1088,1,3,12-16-2017,4
1302,322,2,7,12-16-2017,4
1303,878,2,7,12-16-2017,4
1304,1409,2,6,12-16-2017,4
1305,257,2,7,12-17-2017,4
1306,28,2,6,12-20-2017,4
1307,1384,1,2,12-22-2017,4
1308,713,2,7,12-22-2017,4
1309,821,2,6,12-22-2017,4
1310,444,1,3,12-24-2017,4
1311,1021,2,6,12-24-2017,4
1312,311,1,3,12-25-2017,4
1313,1294,1,3,12-25-2017,4
1314,1027,2,7,12-25-2017,4
1315,931,3,9,12-25-2017,4
1316,846,1,3,12-26-2017,4
1317,418,1,3,12-27-2017,4
1318,75,2,6,12-27-2017,4
1319,604,2,6,12-27-2017,4
1320,244,1,3,12-28-2017,4
1321,217,1,3,12-30-2017,4
1322,39,2,7,12-31-2017,4
1323,273,2,6,12-31-2017,4
1324,862,2,6,01-01-2018,4
1325,68,3,8,01-01-2018,4
1326,567,3,9,01-01-2018,4
1327,1026,2,6,01-02-2018,4
1328,1083,2,6,01-02-2018,4
1329,443,1,3,01-04-2018,4
1330,761,2,7,01-04-2018,4
1331,1122,2,6,01-05-2018,4
1332,256,2,7,01-06-2018,4
1333,203,3,8,01-06-2018,4
1334,425,2,6,01-07-2018,4
1335,955,2,7,01-07-2018,4
1336,904,1,2,01-09-2018,4
1337,970,2,7,01-09-2018,4
1338,905,2,6,01-10-2018,4
1339,580,1,3,01-11-2018,4
1340,1066,1,3,01-12-2018,4
1341,1258,2,7,01-12-2018,4
1342,1393,2,7,01-12-2018,4
1343,594,2,6,01-13-2018,4
1344,916,2,6,01-13-2018,4
1345,1037,2,6,01-14-2018,4
1346,136,3,8,01-14-2018,4
1347,247,1,2,01-15-2018,4
1348,1214,1,2,01-15-2018,4
1349,464,2,6,01-15-2018,4
1350,637,2,7,01-15-2018,4
1351,1016,2,7,01-16-2018,4
1352,1433,2,6,01-16-2018,4
1353,502,2,6,01-17-2018,4
1354,476,1,3,01-19-2018,4
1355,1010,2,7,01-19-2018,4
1356,1161,2,6,01-19-2018,4
1357,440,2,6,01-20-2018,4
1358,253,1,2,01-21-2018,4
1359,1008,3,9,01-21-2018,4
1360,71,2,6,01-22-2018,4
1361,1084,2,7,01-22-2018,4
1362,310,2,6,01-23-2018,4
1363,860,2,6,01-24-2018,4
1364,122,2,6,01-25-2018,4
1365,689,2,7,01-25-2018,4
1366,1441,2,6,01-26-2018,4
1367,1118,1,3,01-27-2018,4
1368,765,2,6,01-27-2018,4
1369,92,2,6,01-28-2018,4
1370,115,2,7,01-28-2018,4
1371,937,2,7,01-29-2018,4
1372,1013,2,6,01-29-2018,4
1373,427,3,9,01-29-2018,4
1374,1330,1,3,01-30-2018,4
1375,312,3,8,01-30-2018,4
1376,1186,1,2,02-01-2018,4
1377,1007,2,7,02-01-2018,4
1378,983,1,2,02-02-2018,4
1379,1256,2,6,02-02-2018,4
1380,818,1,3,02-05-2018,4
1381,680,2,7,02-05-2018,4
1382,1303,2,6,02-06-2018,4
1383,488,1,3,02-07-2018,4
1384,1126,2,7,02-08-2018,4
1385,866,3,9,02-08-2018,4
1386,1254,1,2,02-09-2018,4
1387,11,2,7,02-09-2018,4
1388,323,2,7,02-09-2018,4
1389,491,2,7,02-11-2018,4
1390,63,2,7,02-12-2018,4
1391,914,2,7,02-13-2018,4
1392,1187,2,6,02-13-2018,4
1393,547,2,7,02-14-2018,4
1394,906,3,8,02-14-2018,4
1395,1052,1,3,02-15-2018,4
1396,856,2,7,02-15-2018,4
1397,920,2,6,02-15-2018,4
1398,1383,1,3,02-16-2018,4
1399,146,2,6,02-16-2018,4
1400,987,2,6,02-17-2018,4
1401,15,2,7,02-18-2018,4
1402,1171,2,6,02-19-2018,4
1403,452,2,7,02-21-2018,4
1404,1240,1,3,02-23-2018,4
1405,100,2,6,02-25-2018,4
1406,1053,2,7,02-25-2018,4
1407,18,2,6,02-26-2018,3
1408,1172,2,6,02-26-2018,4
1409,21,3,8,02-26-2018,4
1410,1005,2,7,02-27-2018,4
1411,109,1,2,03-01-2018,4
1412,1043,2,7,03-01-2018,4
1413,56,3,8,03-01-2018,4
1414,293,2,7,03-03-2018,4
1415,839,2,7,03-03-2018,4
1416,566,3,8,03-03-2018,4
1417,300,1,2,03-04-2018,4
1418,364,2,6,03-04-2018,4
1419,474,2,6,03-04-2018,4
1420,838,2,7,03-04-2018,4
1421,1176,2,7,03-05-2018,4
1422,599,3,8,03-05-2018,4
1423,1231,1,2,03-06-2018,4
1424,1445,1,2,03-07-2018,4
1425,126,2,6,03-07-2018,4
1426,938,2,6,03-07-2018,4
1427,999,2,6,03-07-2018,4
1428,195,2,7,03-08-2018,4
1429,1116,2,6,03-08-2018,4
1430,1239,2,7,03-10-2018,4
1431,308,2,6,03-11-2018,4
1432,483,2,6,03-11-2018,4
1433,1142,2,7,03-11-2018,4
1434,595,2,6,03-14-2018,4
1435,744,2,6,03-14-2018,4
1436,1044,2,6,03-14-2018,4
1437,518,1,2,03-15-2018,4
1438,263,2,6,03-15-2018,4
1439,463,2,7,03-15-2018,4
1440,859,3,8,03-15-2018,4
1441,982,3,8,03-15-2018,4
1442,478,2,7,03-16-2018,4
1443,972,2,7,03-16-2018,4
1444,1154,2,6,03-16-2018,4
1445,515,2,7,03-17-2018,4
1446,820,2,6,03-17-2018,4
1447,1419,1,3,03-18-2018,4
1448,228,2,6,03-18-2018,4
1449,330,2,7,03-18-2018,4
1450,296,2,7,03-19-2018,4
1451,822,2,6,03-19-2018,4
1452,287,1,3,03-20-2018,4
1453,601,1,3,03-20-2018,4
1454,395,2,6,03-20-2018,4
1455,405,2,6,03-20-2018,4
1456,754,2,7,03-20-2018,4
1457,1411,2,6,03-20-2018,4
1458,1029,3,8,03-20-2018,4
1459,9,2,7,03-21-2018,4
1460,1131,2,7,03-21-2018,4
1461,139,2,6,03-22-2018,4
1462,1101,2,6,03-22-2018,4
1463,692,2,7,03-23-2018,4
1464,1279,2,7,03-24-2018,4
1465,623,2,7,03-25-2018,4
1466,738,1,3,03-26-2018,4
1467,152,2,7,03-26-2018,4
1468,3,1,2,03-27-2018,4
1469,1135,3,8,03-27-2018,4
1470,505,2,7,03-28-2018,4
1471,1310,2,7,03-28-2018,4
1472,114,2,6,03-29-2018,4
1473,302,1,2,03-30-2018,4
1474,816,1,3,03-30-2018,4
1475,112,2,6,03-30-2018,4
1476,35,2,7,03-31-2018,4
1477,180,2,6,03-31-2018,4
1478,392,2,6,03-31-2018,4
1479,23,2,7,04-01-2018,2
1480,27,2,7,04-01-2018,2
1481,62,2,6,04-01-2018,1
1482,94,2,7,04-01-2018,1
1483,15,2,7,04-02-2018,1
1484,35,2,6,04-02-2018,2
1485,51,2,7,04-02-2018,2
1486,84,2,7,04-02-2018,2
1487,33,1,3,04-03-2018,1
1488,181,1,3,04-03-2018,2
1489,194,1,3,04-03-2018,1
1490,217,1,3,04-03-2018,2
1491,82,1,3,04-04-2018,1
1492,41,2,7,04-04-2018,1
1493,64,3,8,04-04-2018,2
1494,69,1,3,04-05-2018,2
1495,86,2,7,04-05-2018,2
1496,3,1,3,04-06-2018,1
1497,31,1,2,04-06-2018,2
1498,81,1,2,04-06-2018,1
1499,120,1,2,04-06-2018,2
1500,151,1,3,04-06-2018,2
1501,52,2,6,04-06-2018,1
1502,83,2,6,04-06-2018,2
1503,208,1,3,04-07-2018,2
1504,237,1,2,04-08-2018,2
1505,22,2,7,04-08-2018,1
1506,75,2,7,04-08-2018,1
1507,85,2,6,04-08-2018,2
1508,92,2,6,04-08-2018,2
1509,2,1,3,04-09-2018,1
1510,16,2,6,04-09-2018,2
1511,25,2,6,04-09-2018,1
1512,68,3,9,04-09-2018,1
1513,32,1,2,04-10-2018,2
1514,87,1,3,04-10-2018,2
1515,61,3,9,04-10-2018,1
1516,47,1,3,04-11-2018,2
1517,97,1,2,04-11-2018,1
1518,175,1,2,04-11-2018,1
1519,26,2,7,04-11-2018,2
1520,66,3,8,04-11-2018,2
1521,53,1,3,04-12-2018,1
1522,78,1,3,04-12-2018,1
1523,8,2,7,04-12-2018,1
1524,37,2,6,04-12-2018,1
1525,38,2,7,04-12-2018,2
1526,59,2,7,04-12-2018,2
1527,13,3,9,04-12-2018,2
1528,20,3,8,04-12-2018,1
1529,50,3,8,04-12-2018,1
1530,110,1,2,04-13-2018,1
1531,233,1,2,04-13-2018,1
1532,7,2,7,04-13-2018,2
1533,28,2,6,04-13-2018,2
1534,18,2,7,04-14-2018,2
1535,19,2,7,04-14-2018,2
1536,34,2,7,04-14-2018,2
1537,36,2,6,04-15-2018,1
1538,79,2,6,04-15-2018,2
1539,116,3,9,04-15-2018,1
1540,187,1,2,04-16-2018,1
1541,10,2,7,04-16-2018,2
1542,58,2,6,04-16-2018,2
1543,76,2,6,04-16-2018,1
1544,5,1,2,04-17-2018,1
1545,67,1,3,04-17-2018,1
1546,91,1,3,04-17-2018,2
1547,169,1,3,04-17-2018,1
1548,170,1,2,04-17-2018,1
1549,17,2,7,04-17-2018,1
1550,39,2,6,04-17-2018,1
1551,70,2,7,04-17-2018,1
1552,73,2,7,04-17-2018,1
1553,30,1,3,04-18-2018,2
1554,172,1,3,04-18-2018,1
1555,1,2,7,04-18-2018,1
1556,4,2,6,04-18-2018,2
1557,121,1,3,04-19-2018,2
1558,63,2,6,04-19-2018,1
1559,42,2,6,04-20-2018,2
1560,57,2,7,04-20-2018,1
1561,65,2,7,04-20-2018,2
1562,88,2,7,04-20-2018,1
1563,77,3,9,04-20-2018,2
1564,46,1,3,04-21-2018,1
1565,60,1,2,04-21-2018,2
1566,72,1,3,04-21-2018,1
1567,89,1,2,04-21-2018,2
1568,192,1,3,04-21-2018,2
1569,29,2,7,04-22-2018,2
1570,54,2,7,04-22-2018,2
1571,80,2,7,04-22-2018,1
1572,14,3,9,04-22-2018,1
1573,24,1,2,04-23-2018,2
1574,124,1,2,04-23-2018,1
1575,224,1,3,04-23-2018,2
1576,12,2,7,04-23-2018,2
1577,48,2,7,04-23-2018,1
1578,93,2,7,04-23-2018,2
1579,104,1,2,04-24-2018,2
1580,191,1,2,04-24-2018,2
1581,188,1,2,04-25-2018,2
1582,240,1,3,04-25-2018,1
1583,44,2,6,04-25-2018,1
1584,109,1,3,04-26-2018,2
1585,157,1,3,04-26-2018,1
1586,176,1,2,04-26-2018,1
1587,231,1,2,04-26-2018,2
1588,11,2,6,04-26-2018,1
1589,40,1,3,04-27-2018,2
1590,138,1,3,04-27-2018,1
1591,165,1,2,04-27-2018,2
1592,6,2,7,04-27-2018,2
1593,9,2,6,04-27-2018,1
1594,45,2,7,04-28-2018,1
1595,71,2,7,04-28-2018,2
1596,21,3,8,04-28-2018,2
1597,56,3,9,04-28-2018,1
1598,239,1,3,04-29-2018,2
1599,49,2,7,04-29-2018,1
1600,90,2,6,04-29-2018,1
1601,43,3,8,04-29-2018,1
1602,55,2,6,04-30-2018,1
1603,74,2,6,04-30-2018,2
1604,7,2,7,06-17-2018,3
1605,123,3,8,07-01-2018,3
1606,119,3,8,07-10-2018,3
1607,33,1,2,07-11-2018,3
1608,53,1,2,07-12-2018,3
1609,10,2,7,08-23-2018,3
1610,15,2,7,08-25-2018,3
1611,6,2,7,09-06-2018,3
1612,3,1,3,10-21-2018,3
1613,1,2,6,11-18-2018,3
1614,135,3,8,11-28-2018,3
1615,136,3,8,12-28-2018,3
